dataset,model,level,feature_set,threshold_value_mean,separation_score,predicted_anomaly_rate_mean,predicted_anomaly_rate_std,precision_anomalous_mean,precision_anomalous_std,recall_anomalous_mean,recall_anomalous_std,f1_score_anomalous_mean,f1_score_anomalous_std,precision_normal_mean,precision_normal_std,recall_normal_mean,recall_normal_std,f1_score_normal_mean,f1_score_normal_std
BPI_Challenge_2012,DBSCAN,L1_Micro,cum_z_cum_t,,0.0,5.374639080482931,0.15250159525593648,0.16703944035050897,0.00725632200096205,0.08902443085979397,0.005026526331820676,0.11611991447899432,0.005778195642728922,0.9028754311131635,0.0017306868209267653,0.9502089368396331,0.0014460150363135972,0.9259363282702905,0.001100663253039516
BPI_Challenge_2012,DBSCAN,L1_Micro,delta_cyclical,,0.0,9.344810142771207,0.21457907221513647,0.45884558012358534,0.010980650171468058,0.42505841215140655,0.013719384485777293,0.44124303808002735,0.011280976124110186,0.9360195619246708,0.0017874601366809815,0.9437584904824888,0.0016294807662457873,0.939871589538203,0.0011640586159252465
BPI_Challenge_2012,DBSCAN,L1_Micro,delta_t,,0.0,2.3444949174650223,0.10858927253606171,0.14059607257187134,0.010290807302574324,0.03275725120903886,0.003762479621634532,0.05311158930719888,0.00561496624750992,0.9000767743529436,0.001705207132497437,0.9775973326520548,0.0008990311485461598,0.9372355516191708,0.0008225228291583125
BPI_Challenge_2012,DBSCAN,L1_Micro,delta_z_micro,,0.0,2.467086597317366,0.10867970832513456,0.1411181479939572,0.010202426697805278,0.03459480226661203,0.003872049651919871,0.05554584867988906,0.00572774427916942,0.9001415891932101,0.001684561961188014,0.9764404371925239,0.0008796970749712503,0.9367387423603762,0.0008461093323847733
BPI_Challenge_2012,DBSCAN,L1_Micro,omni_fusion_cyclical,,0.0,8.009448236066557,0.2951366169904828,0.4306367901725334,0.008943989504333403,0.34189362046376964,0.013374511137782895,0.3810447184243696,0.009967887107769587,0.9278296306697605,0.0017208824374018378,0.9492796845973736,0.0020482544410743496,0.9384295752728875,0.0009621227379140953
BPI_Challenge_2012,DBSCAN,L1_Micro,pure_cyclical,,0.0,9.759410477687354,0.1449218686017065,0.4958638328800221,0.00846991362779788,0.4797184939340716,0.009265923160963157,0.48762162868338665,0.007735310064889559,0.9418369695526148,0.0012943916131169435,0.9452822905113972,0.0010405592236150704,0.9435556451072094,0.0007069011868651918
BPI_Challenge_2012,DBSCAN,L2_Activity,cum_z_cum_t,,0.0,1.639588100686499,0.2601541317221744,0.16379693084834046,0.009426156122259265,0.02653435616690649,0.004580254778993035,0.04554537776624508,0.007020751407350192,0.899829235312461,0.0012641269117033827,0.9847461683336872,0.002410526160950892,0.9403731779868215,0.0014099158787677952
BPI_Challenge_2012,DBSCAN,L2_Activity,delta_cyclical,,0.0,2.1647597254004576,0.16309222869764664,0.21787535730372037,0.020476400282081475,0.04670636923634512,0.006771045788205058,0.07686356131657011,0.010281137191827446,0.9013778959655909,0.0014049140271268328,0.9811739158718508,0.001311185860928182,0.9395839002791119,0.0009960785070879587
BPI_Challenge_2012,DBSCAN,L2_Activity,delta_t,,0.0,0.15484363081617086,0.02268467635209302,0.12140436530552054,0.05937033441374225,0.0018086440009106944,0.0008162994291899093,0.0035630976634501233,0.0016087274784577213,0.8988115591522426,0.0012864760116203286,0.9984807542397134,0.00027505819447199104,0.9460278408599188,0.0007672858957526705
BPI_Challenge_2012,DBSCAN,L2_Activity,delta_z_micro,,0.0,0.0,0.0,0.0,0.0,0.0,0.0,0.0,0.0,0.0,0.0,0.0,0.0,0.0,0.0
BPI_Challenge_2012,DBSCAN,L2_Activity,omni_fusion_cyclical,,0.0,0.0,0.0,0.0,0.0,0.0,0.0,0.0,0.0,0.0,0.0,0.0,0.0,0.0,0.0
BPI_Challenge_2012,DBSCAN,L2_Activity,pure_cyclical,,0.0,2.217200610221205,0.12453509124607468,0.6085750076216082,0.01225630886230348,0.13337895158599383,0.008940819448362785,0.21872197120157377,0.012692560429673864,0.9102999292667258,0.0011832050684868905,0.9903547792205751,0.00038969780784360217,0.948640919938511,0.0005813490898514149
BPI_Challenge_2012,IsolationForest,L1_Micro,cum_z_cum_t,0.23594820882235204,0.9394166814750186,31.59570987861603,0.6616586791483541,0.1540205854777054,0.00532929923382805,0.48219965186443847,0.01160148416211629,0.23342450731319256,0.006756805358638489,0.9236356730874578,0.0018832858949212215,0.7027001985123813,0.0072215774634870914,0.7981399528206579,0.00452356159903668
BPI_Challenge_2012,IsolationForest,L1_Micro,delta_cyclical,0.25225336542858523,0.8722235752550229,37.841283796869035,0.4935178037323785,0.19885965306450923,0.004589233130270727,0.7459029771746126,0.015094389373362188,0.3139794057546927,0.006419873877955039,0.9587691420186287,0.002330705851611642,0.6628225269564673,0.004774596723483964,0.7837773451390795,0.003021547185287746
BPI_Challenge_2012,IsolationForest,L1_Micro,delta_t,0.20485408600941124,1.9920647973684715,37.13792178066795,0.8089968377608527,0.2159876474512509,0.004994764663987824,0.794934446153599,0.013472888135400887,0.3396463485713455,0.006549015991276389,0.96711047082914,0.001810409851473618,0.6761510206115753,0.00800282336007526,0.7958423159823627,0.005246896504957619
BPI_Challenge_2012,IsolationForest,L1_Micro,delta_z_micro,0.20484881881634948,2.0016219457565887,36.56947651435807,0.858699272683074,0.21951444346902454,0.005896954061338569,0.7954421815517049,0.012623073513341746,0.34403035082342176,0.007542029005138799,0.9674867769303741,0.00159707889313104,0.6825336356675616,0.00880235027398459,0.8003709412356903,0.0057977200210983315
BPI_Challenge_2012,IsolationForest,L1_Micro,omni_fusion_cyclical,0.2415607763029494,0.8916448705658496,29.97299408119227,0.30800618150331804,0.2540295877647944,0.006539557121826572,0.7546311672107928,0.011262693130170854,0.3800700673596413,0.008045434248890336,0.9646526373662014,0.0016636130966312282,0.7513149630582653,0.003943700958334105,0.8447161750282237,0.00251683309976068
BPI_Challenge_2012,IsolationForest,L1_Micro,pure_cyclical,0.2664941932057018,0.917485074411989,38.87865568058304,1.184811041493472,0.16258400239912635,0.0035423737980066518,0.6263675927438209,0.013399863221711796,0.2581104100122402,0.004212111101972547,0.938344979256095,0.001538553268224793,0.6378721352585754,0.011866663189645965,0.7594054774449547,0.008103913688045835
BPI_Challenge_2012,IsolationForest,L2_Activity,cum_z_cum_t,0.44727044235710334,1.2319848787422687,35.13405797101449,0.9233071214383913,0.1415962333476935,0.0032977900219760196,0.4914571571474978,0.014155429751546381,0.21982586305397547,0.004818615801500687,0.920663006982551,0.00146524697595292,0.6644425290520285,0.008978864447938724,0.7718116929774536,0.005940235826703739
BPI_Challenge_2012,IsolationForest,L2_Activity,delta_cyclical,0.4958061589008963,1.1802602036176615,29.669527078565977,0.844380084350899,0.25414210630642486,0.009518847381973044,0.7443142194136346,0.008055130134562478,0.37882429996446837,0.011121398922696105,0.9632051054094296,0.0010997021876671808,0.7537232066725839,0.009848831541031514,0.8456531478435615,0.006362172442533162
BPI_Challenge_2012,IsolationForest,L2_Activity,delta_t,0.32988938080893926,1.2813315438025286,41.20289855072464,0.6747505675584415,0.20205017389520813,0.0033751872794902786,0.8224371057177983,0.011002359818705452,0.3243953452643824,0.004937815510602822,0.9694559861459184,0.0014555890733519274,0.6341937443582457,0.0063658475298418475,0.7667608223874071,0.00451228749567438
BPI_Challenge_2012,IsolationForest,L2_Activity,delta_z_micro,0.34820554301571816,1.2315327525982682,43.94851258581236,1.228872763088676,0.18939389291390551,0.008830678751712857,0.8215289837751311,0.018743246993959736,0.3077594014913245,0.012445669102380359,0.9677570934196608,0.00351412596389673,0.6035523667258741,0.014555583095952073,0.7433613849514956,0.011473314317034088
BPI_Challenge_2012,IsolationForest,L2_Activity,omni_fusion_cyclical,0.46564810232907405,1.2094495403260825,35.887299771167044,0.553999933198062,0.2212956300644812,0.0034981985002743602,0.784624549550056,0.013365712959727018,0.3452084490122652,0.004984553326415499,0.9660033728589366,0.0020432412275169167,0.6890695918858343,0.005258420909119684,0.8043553196396227,0.0034876564983039723
BPI_Challenge_2012,IsolationForest,L2_Activity,pure_cyclical,0.5377036919102205,1.299953224707358,18.62337909992372,0.3729731537395089,0.28209075559561503,0.0047894948106253134,0.5189393638643723,0.004667972258740918,0.36547086538462953,0.004138424301851868,0.9401662820080958,0.0009314348632767905,0.8512325536248391,0.003731845817747851,0.8934881452448769,0.002178891067307616
BPI_Challenge_2012,IsolationForest,L3_Global,cum_z_cum_t,0.5047704130640552,0.9791862449357331,27.02135774218154,1.5705595744233796,0.1588271585701377,0.004507612205861,0.4237251011038121,0.0210680949658382,0.2309048501326854,0.005388486253667944,0.9200985753057369,0.001622369580058087,0.7470767251906597,0.01529053133821459,0.824524987832179,0.008976367451742049
BPI_Challenge_2012,IsolationForest,L3_Global,delta_cyclical,0.4948994885842354,1.2375432585488944,28.27955758962624,1.2350987043658719,0.25665451386453786,0.009270643082745184,0.7161984826731597,0.011690266394906328,0.3777652960876559,0.009688767279779206,0.959960467679488,0.0012039691382501785,0.7660142352162976,0.012774832250786808,0.8520358202600022,0.007799274978853092
BPI_Challenge_2012,IsolationForest,L3_Global,delta_t,0.31012922279924326,1.3763198467634583,40.54157131960336,1.097757185301965,0.2166514543882439,0.004561836431085917,0.8674679915821413,0.011459512416417966,0.34666611392229435,0.005447107642491595,0.9774637313461231,0.0015734808025671735,0.6466195835877516,0.011087547706652628,0.7782854856839252,0.007611860906271663
BPI_Challenge_2012,IsolationForest,L3_Global,delta_z_micro,0.35784946540678314,1.438207454360011,37.194889397406556,1.060629311432222,0.21685458511677327,0.005015245156015931,0.7968007848751006,0.02379152313648208,0.3408634372757065,0.006906884336465746,0.9672895024769822,0.0034379534957218907,0.6758952551275108,0.009866868800641018,0.7957035164155577,0.006037114598193621
BPI_Challenge_2012,IsolationForest,L3_Global,omni_fusion_cyclical,0.4637534668240713,1.230630120580978,36.641876430205954,0.8051548748533528,0.21441121269581806,0.004132844957251225,0.775993991559176,0.0065904626905000235,0.33596398145022455,0.005105486755264487,0.9642154311951823,0.0010320238076839915,0.6797029352983671,0.008426671036187761,0.7973127036807067,0.005850188605881261
BPI_Challenge_2012,IsolationForest,L3_Global,pure_cyclical,0.5530950749616934,1.495406899385864,12.15675057208238,0.8435024892257219,0.3706409235818349,0.02260189120067013,0.44357823804197005,0.008381376968942922,0.40338366769376677,0.012501348081219586,0.9358877683106371,0.0011143287294975266,0.9146962953514345,0.008927524631541185,0.925149830791573,0.004534626702809423
BPI_Challenge_2012,LOF,L1_Micro,cum_z_cum_t,12974430.962298945,14571.853988785926,16.45349750589383,0.6856737859497198,0.1193794170058889,0.0038786608287114453,0.19466133195678323,0.00891163691209003,0.14794005247725703,0.0047347007051141395,0.9027496780542507,0.0019488728940458588,0.8388408939800156,0.006984367730374497,0.8696096623015237,0.004032552794845301
BPI_Challenge_2012,LOF,L1_Micro,delta_cyclical,7.945873817796036,42.526694018986305,26.832775741106055,1.0392010821691575,0.16244416021900263,0.004288747580371278,0.4319315476882175,0.0153195634872981,0.23602300975695334,0.005286189224215527,0.9216769804571607,0.002032467823425148,0.7500256678082338,0.010272604031297197,0.8270012359555838,0.0061463124973151016
BPI_Challenge_2012,LOF,L1_Micro,delta_t,611691.7093980454,5837.009598097365,7.553125742415641,2.755273006300479,0.11409887245132674,0.01534233445100879,0.08327230181118658,0.026527737468162327,0.09364948046049554,0.017691540372679317,0.8999514086070967,0.002030460179896951,0.9253402734300348,0.028085518817974286,0.9122865808697002,0.014115441245018952
BPI_Challenge_2012,LOF,L1_Micro,delta_z_micro,549361.2147429873,5203.55171107087,4.646041568584925,0.39068942757694086,0.12699917394647087,0.012464127807805073,0.058265040661939174,0.00535344794007005,0.0797663675298274,0.006666654317039416,0.9003666086563544,0.0015048561156580263,0.9548657763822502,0.00407071196774499,0.9268125811669072,0.0023589291846502145
BPI_Challenge_2012,LOF,L1_Micro,omni_fusion_cyclical,4142419.5807576873,14442.907855805446,27.201114568608723,1.048881353533949,0.16414725930596988,0.008821456875965245,0.4424025310082289,0.02520780511408895,0.23937760904437466,0.012300569951233735,0.9227453095256841,0.003138843342495867,0.7471135376378746,0.01047191747658983,0.825655127301735,0.006502346807058327
BPI_Challenge_2012,LOF,L1_Micro,pure_cyclical,1.3683682481525257,1.5459455774469042,25.28110892610635,0.721378732638005,0.1581828259980187,0.005748467608215226,0.39615782164829805,0.009023869502288687,0.22601903271802543,0.00608971210038375,0.9184659516413045,0.0018355953476430179,0.7632726693624451,0.007867992579422707,0.8336866243161134,0.004575041550787163
BPI_Challenge_2012,LOF,L2_Activity,cum_z_cum_t,458405127292.2326,980703.7028519309,2.779938977879481,1.332423589444162,0.12174405816743332,0.012522119928671006,0.03383452277295439,0.019142320298089564,0.05123202949003486,0.02099952844827157,0.8994240259438179,0.001196954863451823,0.9728838300425545,0.012704523018290118,0.9346751659376851,0.005867567736358758
BPI_Challenge_2012,LOF,L2_Activity,delta_cyclical,351.26652121213175,6.266255009120887,26.991228070175442,6.924805831492928,0.12946734851946065,0.008770246788860087,0.34167020936832515,0.07699742041028124,0.18505331720408585,0.013134429915600333,0.9088923048991093,0.0022456298610656596,0.7381879160267932,0.06859687836331119,0.8130967726409469,0.04051657154746448
BPI_Challenge_2012,LOF,L2_Activity,delta_t,246.71489410114154,29.376868106990212,11.078756674294432,3.1016679674055183,0.07769148926722699,0.012602194355517633,0.08379906820951398,0.022331333409876256,0.07928989275688683,0.013637749995382802,0.8956593692194685,0.002717035372625725,0.8861683741794513,0.03248136233285982,0.8906493338162749,0.01757345063930343
BPI_Challenge_2012,LOF,L2_Activity,delta_z_micro,281842995624.9743,838706.9280708848,3.1498855835240276,0.5053860475155068,0.18304333399299647,0.015193501635963157,0.056822087128955166,0.009901358872159049,0.08634567327326051,0.01182848365391876,0.9014313586945064,0.0015629621070751122,0.9713503979819145,0.004708830124787548,0.9350796533814826,0.002235023754348806
BPI_Challenge_2012,LOF,L2_Activity,omni_fusion_cyclical,270500055356.82544,902735.3669851838,2.59324942791762,0.23964898433958065,0.18647899739566248,0.009770126131309745,0.047735415577718834,0.004601270878503201,0.0759157976233486,0.006079876235691294,0.9010496758946707,0.0014048947577569848,0.9765210575929887,0.0022497373904983436,0.9372669359100507,0.0012987422338137634
BPI_Challenge_2012,LOF,L2_Activity,pure_cyclical,1175.2656852693997,3.2600137210436655,9.318649885583524,5.889347291818216,0.13878103883046342,0.024084713474498493,0.11634985737004644,0.05637086899603395,0.11553444469945781,0.021143022893839177,0.9013626263094439,0.0013751592567384297,0.9094218213384939,0.059200589577197656,0.9045016870252522,0.02988985332356833
BPI_Challenge_2012,LOF,L3_Global,cum_z_cum_t,151924945686.1855,171.98822959643843,0.013539282990083907,0.007859950391380436,0.10378787878787879,0.12484302969351067,0.000132057926995068,0.00015472399166943643,0.000263676835668657,0.00030885450800419785,0.8987848942718317,0.0012799149467418516,0.9998641740296584,8.20643861725471e-05,0.9466335174886504,0.0007239434253625928
BPI_Challenge_2012,LOF,L3_Global,delta_cyclical,8.088870363634031,0.2866457118850885,17.259725400457665,1.773791167938379,0.06293623976007803,0.004648611371697802,0.10791787374375969,0.017648216030478316,0.07933984075665172,0.008444249984177041,0.8908652316008405,0.0017301351673980195,0.8201161148323454,0.017838235117537092,0.8539419228346631,0.009955845108516046
BPI_Challenge_2012,LOF,L3_Global,delta_t,0.8498420655727387,0.39245220311380175,99.99656750572083,0.0019694804709962156,0.10121439140900287,0.0012782131640247918,0.9999621217051414,7.987270342074029e-05,0.18382038936640605,0.0021094621318181453,0.8166666666666667,0.3374742788552764,3.3961179784244074e-05,2.052324139179213e-05,6.791902467264584e-05,4.1043597834894457e-05
BPI_Challenge_2012,LOF,L3_Global,delta_z_micro,1225997356.1585307,0.1401435230724876,3.772501906941266,0.11011950605568682,0.21418289001669916,0.00641706594880147,0.07984952524500792,0.0036742391891103603,0.11630486372310782,0.004578037436026387,0.9032142329713105,0.0014200888339431816,0.9670164963999783,0.0010060028277112927,0.9340261786516875,0.0008042321631208722
BPI_Challenge_2012,LOF,L3_Global,omni_fusion_cyclical,137883057691.36902,73.24867750905852,3.3731884057971016,1.1866393770779986,0.19260766473634988,0.0679743111707696,0.07140216540467528,0.025307721474426895,0.10417000409023355,0.03685757599839928,0.902741993658687,0.002133307493747652,0.9705048437754821,0.010375340324099619,0.9353647874170813,0.003913394278294332
BPI_Challenge_2012,LOF,L3_Global,pure_cyclical,4.193623272577922,0.6211355374768828,5.238176964149504,0.1283202868207726,0.08465359329050859,0.005377867089693056,0.043792020156166386,0.002548236869037466,0.057713683757042736,0.003375298658445209,0.897867120526825,0.0013673997832885454,0.9466502839041242,0.0014562980270031358,0.9216127122829146,0.0010389344997036028
RequestForPayment,DBSCAN,L1_Micro,cum_z_cum_t,,0.0,1.3825850680599259,0.1478260183091444,0.22505055436990112,0.022139381730895746,0.030522523733977746,0.005439737659236777,0.05369579589670257,0.008963859191878034,0.8992014452411115,0.0035275087553983276,0.9880780355510204,0.00114746560569929,0.9415436365408464,0.002038394325857424
RequestForPayment,DBSCAN,L1_Micro,delta_cyclical,,0.0,4.178890639339726,0.7927625677800391,0.3822617523975912,0.06680138358018674,0.15992354499516476,0.06640396328643837,0.22387477089219696,0.07360889336920315,0.9101898797707809,0.006814002153963847,0.9717468056064377,0.001591704500553477,0.9399475949137773,0.003441022405521442
RequestForPayment,DBSCAN,L1_Micro,delta_t,,0.0,1.318712717952721,0.12898827066678184,0.2056706449611247,0.04588940035942361,0.02655778300805795,0.007047607508662114,0.04701148682134012,0.01219195468056604,0.8988652700623924,0.0032332583663215895,0.988349631347068,0.0011046480065464792,0.9414836341541528,0.002027428998288897
RequestForPayment,DBSCAN,L1_Micro,delta_z_micro,,0.0,1.3649323910259055,0.13368712866053717,0.20457333468090305,0.04428860944220071,0.02735147054546206,0.007178659882275733,0.04822088873266332,0.012340267778087092,0.8989003782141062,0.003235890510185414,0.9879252551554609,0.0011252370954041606,0.9413103920538152,0.002058118905711756
RequestForPayment,DBSCAN,L1_Micro,omni_fusion_cyclical,,0.0,1.2725570567376723,0.4308932257008594,0.2717649282317158,0.052194812597239855,0.03460865920430577,0.015316872662053454,0.06082799325684516,0.024981653509654696,0.899743589717614,0.003619476034091655,0.9897731334199739,0.0032291590002771937,0.9426071609576585,0.0023113233682255153
RequestForPayment,DBSCAN,L1_Micro,pure_cyclical,,0.0,11.06749683831525,0.4394940153390982,0.5621364276884863,0.012447475257505431,0.6067187962806299,0.016026239300269675,0.5834228899529494,0.009953645447819787,0.9546609236268917,0.0023282082888014055,0.9459958553469541,0.00278540988714361,0.9503048374966501,0.0016115611002741267
RequestForPayment,DBSCAN,L2_Activity,cum_z_cum_t,,0.0,1.3519021739130435,0.18287794483306144,0.23724395441035556,0.028017422307810163,0.03128596540122792,0.005705898680046121,0.05518458888005433,0.00936389836671031,0.8992904380991835,0.003520805294033097,0.9885082475909256,0.00161248663896465,0.9417875883347587,0.002133592480947205
RequestForPayment,DBSCAN,L2_Activity,delta_cyclical,,0.0,4.080163043478261,0.8853917626876834,0.3977158664217447,0.060581002640509696,0.16187521885552447,0.06488034102744691,0.22804185911782215,0.07039896732952701,0.9104658770347351,0.006695519746480464,0.9730638531361964,0.0029992656853731984,0.9407067024488553,0.003130292874355736
RequestForPayment,DBSCAN,L2_Activity,delta_t,,0.0,1.0896739130434783,0.13263047259219654,0.1396453041878202,0.030356687665839314,0.014858446241177764,0.003908082228462309,0.02681951191158129,0.006814266345785458,0.89785486813934,0.0035273937625273466,0.989553994362794,0.001298355486702951,0.9414730883556757,0.0019923290267282873
RequestForPayment,DBSCAN,L2_Activity,delta_z_micro,,0.0,1.3192934782608696,0.19240993966626999,0.21349202469018547,0.045262754409583945,0.027749258533884637,0.008376328077763505,0.04900412837075652,0.014085443228501734,0.8989538639882172,0.0036623231273443927,0.9884641894060581,0.0016129294941616286,0.9415820842129504,0.002047009504003985
RequestForPayment,DBSCAN,L2_Activity,omni_fusion_cyclical,,0.0,1.0394021739130435,0.4224477843012525,0.2270980358075776,0.06434758864609907,0.023425551443097735,0.011905172466281368,0.041987448838179765,0.020109769110387934,0.898801112124764,0.003447893563758882,0.9910985386634055,0.003621285020735358,0.9426890054102932,0.002268972782542582
RequestForPayment,DBSCAN,L2_Activity,pure_cyclical,,0.0,11.179347826086957,0.5856873131240452,0.5744426963150324,0.01744744106420996,0.625726978384056,0.019640191975425225,0.5987850980572709,0.014279192610740716,0.9568015229268264,0.002380370513449112,0.9469445336400021,0.004093267969940504,0.951842623634089,0.0024692718984659495
RequestForPayment,IsolationForest,L1_Micro,cum_z_cum_t,0.2049984327248572,1.3965232855841783,20.859608406847386,0.9490062731452846,0.2659266811508812,0.017330327557881293,0.5412884708708883,0.04306460666734569,0.3563677798210725,0.02284999429394885,0.9406289257969753,0.005210365775138525,0.8294343683962502,0.0074529469344474806,0.8815042376811381,0.003204726723813923
RequestForPayment,IsolationForest,L1_Micro,delta_cyclical,0.19561512283154503,0.8518527839038279,31.307302798737407,0.5583990968440181,0.29084553558426923,0.009656167278003213,0.8880463638596607,0.012727631671777241,0.43807981319777883,0.01093457947400254,0.9832835742812576,0.00204813027089964,0.7526116713960491,0.0057859157175797205,0.8526068541581011,0.0034515095590544925
RequestForPayment,IsolationForest,L1_Micro,delta_t,0.19104695765544935,1.8338164789102016,31.37092405392429,1.3362188808683564,0.30172750137107107,0.01561922009471686,0.9218613828313025,0.009088433688113712,0.45443699437050944,0.01768399238990018,0.9883379944133857,0.0012550930233858786,0.7557817016960999,0.014672022879996737,0.8564814233502348,0.009411859626592611
RequestForPayment,IsolationForest,L1_Micro,delta_z_micro,0.19252356677970384,2.042679821312224,30.997310609575322,1.189692574119862,0.3051988068501761,0.01479238977203273,0.9216117481565306,0.009392689489963219,0.45833288609347955,0.01629247895838877,0.988369913311011,0.001238663029739651,0.7599186063529804,0.012886870333839775,0.8591577403812852,0.007916193024245663
RequestForPayment,IsolationForest,L1_Micro,omni_fusion_cyclical,0.19463940799905616,0.9463427468233295,35.91594637326709,1.0048097628296264,0.2684082309409171,0.010816696098440366,0.9397020937307641,0.007383811278763052,0.4174425784817461,0.01304719922279036,0.9903463201988767,0.0012787286112216094,0.7071629076252615,0.010972809703260939,0.8250910486588052,0.0074382147142025715
RequestForPayment,IsolationForest,L1_Micro,pure_cyclical,0.2040684867850516,0.9823836152664128,23.302678931294246,0.47535014675869247,0.3240470128914669,0.011985337253019231,0.7365414959466406,0.021505770289374466,0.4499130877527223,0.01273335574015426,0.964776612736365,0.0031404407305437873,0.8244931915077999,0.00452213826719015,0.8891225664503819,0.0019415936873969264
RequestForPayment,IsolationForest,L2_Activity,cum_z_cum_t,0.4892733025088485,1.6872363915357294,23.096467391304348,1.3093930768107311,0.25545335009457876,0.017509127962578967,0.5756395795917632,0.05197400581765485,0.3536062374972345,0.024821332456761956,0.9435372585096184,0.005974356555236116,0.8084724787824188,0.009973025754996511,0.8707428232901568,0.004682523408337785
RequestForPayment,IsolationForest,L2_Activity,delta_cyclical,0.5036212827850559,1.4990794549807873,32.161684782608695,0.8219441173439572,0.2955609282154539,0.011205401709089458,0.9265689091296261,0.011145954603033423,0.4480143821733714,0.012185985568597391,0.9888984554377125,0.0017702433155588199,0.7475133350194958,0.008765010438318574,0.8513955302557665,0.005178447945959948
RequestForPayment,IsolationForest,L2_Activity,delta_t,0.41738256596546297,1.7119967044950264,34.578804347826086,1.5519558636541555,0.2877359460808611,0.012039984345339025,0.96905159610141,0.0037115409621629805,0.44359177666274113,0.014234606288139282,0.99513505434228,0.0007253919101460597,0.7254107411898951,0.01633343136220367,0.8390387192257445,0.011047807950444199
RequestForPayment,IsolationForest,L2_Activity,delta_z_micro,0.4255198431052915,1.6924622748462628,34.39538043478261,1.5047447853245264,0.2886041910005312,0.012885711598017676,0.966749248924786,0.006660176272822148,0.4443425974855743,0.014984542844037253,0.9948115280598596,0.000983290027734549,0.7272103801793672,0.015865517892794005,0.8401263116234603,0.010433105690844711
RequestForPayment,IsolationForest,L2_Activity,omni_fusion_cyclical,0.45985202240833634,1.4575834562138792,39.65625,0.7457315369696009,0.25531861486326723,0.007843301252884448,0.9872207157666851,0.003970055592603108,0.4056535870301922,0.009875274930393528,0.9978090674506532,0.0007419419717706244,0.6709215171136604,0.00791243139812479,0.8023263069276301,0.005823489189699084
RequestForPayment,IsolationForest,L2_Activity,pure_cyclical,0.5425882408063644,1.8959437078906176,23.091032608695652,0.534084348477462,0.3352298813976035,0.014075234796972634,0.7545761361115555,0.016802028378599298,0.46411407802756627,0.015536888171279744,0.9672805934073722,0.0023902872027559666,0.8289405624711053,0.005870061757792782,0.8927737555237648,0.0037870873504704428
RequestForPayment,IsolationForest,L3_Global,cum_z_cum_t,0.5166139555603385,1.1337267566629163,17.157608695652176,2.7995710614341127,0.37141439507932034,0.017905540121556072,0.6231751393403946,0.11487887909616024,0.46283893372316876,0.04165050723649196,0.953746810330885,0.012824084318355898,0.880048313630202,0.018378798907632176,0.9151821390419815,0.005036496796222824
RequestForPayment,IsolationForest,L3_Global,delta_cyclical,0.5186067620887511,1.599996349721141,24.92798913043478,0.9567003514753865,0.35711044149865756,0.01238542433126902,0.8677467863923238,0.025166105757986917,0.505784864996486,0.012860644616329334,0.9819664592737964,0.003307204645573205,0.8214012763804555,0.008254423899779201,0.8945041018527627,0.004046155397710687
RequestForPayment,IsolationForest,L3_Global,delta_t,0.45210391182924187,1.2599809710394958,25.95108695652174,0.8479489800069416,0.3793752244483555,0.01691903005716054,0.9591803995338175,0.008368748799411423,0.5434693902568883,0.017152912324412687,0.9943330533566556,0.0012462479685714707,0.8204417685370295,0.009864236984737445,0.8990251656820011,0.00582094299203636
RequestForPayment,IsolationForest,L3_Global,delta_z_micro,0.41371077359334113,1.2785115665028584,30.116847826086957,0.9063223115013467,0.33159538414433387,0.012958813852574249,0.9732587737314604,0.008374543338022187,0.4944825448756201,0.013590569248668541,0.9960602716119155,0.0012967729079936823,0.7756246353543685,0.009911906823808414,0.8720934199964315,0.00598913752911839
RequestForPayment,IsolationForest,L3_Global,omni_fusion_cyclical,0.4496151986585562,1.2462198275200307,37.85461956521739,0.6703648239508961,0.269000171159742,0.011626560624289803,0.9924748106916187,0.003825007219754543,0.4231536494887411,0.014333348407565338,0.9987539981739092,0.0006440480199250854,0.6916249681609621,0.008769911496821213,0.8172591905703671,0.006102780262048359
RequestForPayment,IsolationForest,L3_Global,pure_cyclical,0.5682328333140682,2.0571136475391345,16.347826086956523,0.32234161503316494,0.3961522507907427,0.01607701737285486,0.6316635645373017,0.02446349204990806,0.4867989651010748,0.01757640238124053,0.9548527332801109,0.0031828192796885257,0.8900304697908791,0.002523941184556755,0.9212981128832374,0.0018133149881284724
RequestForPayment,LOF,L1_Micro,cum_z_cum_t,45387.32515886225,69989.32667774375,15.71409387404952,6.69367038732872,0.10150935546123259,0.025038198588030344,0.14196749505321207,0.017246920651828094,0.11574955031759045,0.01952344244208648,0.895129428359013,0.007708314135454246,0.841193925983092,0.07327763218407236,0.866007699909999,0.0443421689392186
RequestForPayment,LOF,L1_Micro,delta_cyclical,1.3628302026256969,3.725074833494549,15.670835466940947,1.0217508063732539,0.24005533577950672,0.017860709184085045,0.3668878707965548,0.03320228999881347,0.289922003486657,0.021302762599596476,0.9230569667778896,0.004071002011588692,0.8673176119225794,0.008913481656523812,0.8942898911282289,0.00464931004871328
RequestForPayment,LOF,L1_Micro,delta_t,40871.933890546046,39860.95001173479,2.9216578888056683,0.6328605374974958,0.17839530948011345,0.03517508049133939,0.05005118726539833,0.012010853572391815,0.07762964225707339,0.016029142580368267,0.8996770290885566,0.0032843522497147475,0.9731717867209385,0.006081361143299095,0.9349781797405479,0.004253891082581117
RequestForPayment,LOF,L1_Micro,delta_z_micro,39827.75710742693,35070.57307333087,2.8727367343574195,0.6699294904153873,0.18094535906133535,0.028178472445880454,0.04993370791874839,0.011208819557588554,0.0776625753598093,0.014397393115119584,0.8997170625711973,0.0031774090472143353,0.973705665482459,0.006427496775192794,0.935243276024396,0.004078600368786792
RequestForPayment,LOF,L1_Micro,omni_fusion_cyclical,63847532462485.625,1464521.4590980802,19.537472914549774,3.18247961600613,0.1769899840214024,0.018580985511532876,0.33884043445778356,0.07182947980754413,0.2310183606294843,0.029074444761498754,0.9158828888028916,0.007474621199698135,0.8209824203308991,0.02850626548861705,0.8655037124540035,0.013512156662334088
RequestForPayment,LOF,L1_Micro,pure_cyclical,2.1170079603703127,1.3781121241093217,9.41434686629054,0.48727716300435614,0.26317943311636804,0.020166004803687968,0.24211154418380962,0.02579000272462756,0.2518514207475776,0.021221690053671662,0.9141899476397445,0.004680946797171967,0.9227261033876847,0.004134914884828265,0.9184229671324298,0.002007075543659724
RequestForPayment,LOF,L2_Activity,cum_z_cum_t,1519.5470236018389,1489.3279156510837,10.911684782608695,6.066763143515145,0.10061218591202684,0.02213418628852184,0.09841106645284907,0.02598419327070364,0.09643204573285549,0.019758316614393395,0.8959475951477256,0.005283792147062132,0.8897532475237029,0.06530010650095812,0.8918121195858293,0.03779787124607315
RequestForPayment,LOF,L2_Activity,delta_cyclical,5.277788255337913,4.226053641762539,17.244565217391305,1.304659156685329,0.23944999539630007,0.023251757287923527,0.4008290825259519,0.02556059840811494,0.2994858914026847,0.02338358209102744,0.9257636409292715,0.0035616081834215657,0.8536740501043839,0.013957380207598699,0.8882182475839174,0.00862597991127844
RequestForPayment,LOF,L2_Activity,delta_t,25097.71782702364,2276.1380143107576,3.2622282608695654,5.3552699903878365,0.09544686556293436,0.040857074012044164,0.016646170917714885,0.005684122244066349,0.02570497442399341,0.0042727203857138496,0.8954170201833269,0.007592847333071886,0.9655197736282135,0.05918307448594858,0.9284838931081151,0.03299348430399181
RequestForPayment,LOF,L2_Activity,delta_z_micro,13280256.278589932,117145.83493922155,3.4347826086956523,1.7000631652398985,0.09628572296016824,0.02369698530467236,0.03036339834178755,0.01263324697564163,0.044171636131574626,0.013743136441204135,0.8970213805762297,0.003300987715907586,0.9652061716764383,0.01760233289670697,0.9297919551503926,0.008344423307077077
RequestForPayment,LOF,L2_Activity,omni_fusion_cyclical,168131214205.3031,2111277.136516809,18.33423913043478,4.077491706409347,0.1789863282499361,0.024648399759535665,0.3176121832700488,0.07907167673667695,0.22516381636365676,0.02986305116252122,0.9143874022247953,0.008585606670504781,0.8319103892400992,0.03830638251034613,0.8706843389234592,0.018428585673823997
RequestForPayment,LOF,L2_Activity,pure_cyclical,8.394448951165735,2.462188139738552,10.02038043478261,0.597594446229599,0.26342011563844137,0.02051541274655625,0.25752653954432725,0.02429838192250816,0.25998621361213037,0.019567209073735384,0.9153559127979187,0.004389319480957514,0.9177473266795282,0.005621940071677923,0.9165295527163153,0.002134405565995073
RequestForPayment,LOF,L3_Global,cum_z_cum_t,5.484544620201275,18.783233122817304,6.74320652173913,5.780422997412193,0.09925016112794818,0.07915458192241974,0.08148710183297816,0.07044138465887435,0.07772443084244542,0.06664679466648464,0.8990686803032132,0.0038222571226770516,0.934171404233567,0.056390040720625284,0.9154682738172119,0.025618074388625105
RequestForPayment,LOF,L3_Global,delta_cyclical,1.4547181376048157,0.2633498923899158,16.838315217391305,1.3054960789709678,0.20667574451124465,0.014200068746131172,0.33952114836962866,0.03608975745000794,0.2566880264702483,0.02000819746983143,0.9186206033758614,0.0036582759819119137,0.8512079196197468,0.011015689225446034,0.8835896615124673,0.005817785902589953
RequestForPayment,LOF,L3_Global,delta_t,37.132435468838615,10.722951750875414,1.5502717391304348,1.103018590576954,0.21196877229551717,0.27889788170522883,0.02097507908725912,0.01677939166474323,0.034323619609393105,0.02513936559668573,0.8980165481996105,0.0036682934815042444,0.985116799588365,0.010432621274364114,0.9395156535826011,0.004099559844433421
RequestForPayment,LOF,L3_Global,delta_z_micro,32487230.81308945,2116702.838253666,4.9103260869565215,3.2502418398379698,0.14327338767438796,0.13180322813253414,0.05837104272162337,0.043464654062343414,0.07036543138753952,0.04531130582142234,0.8984874795359546,0.003534271825462068,0.9519631429211044,0.03132848618079056,0.9241994400370691,0.013957950366599806
RequestForPayment,LOF,L3_Global,omni_fusion_cyclical,705937104186.3254,92.19382828897575,0.20108695652173916,0.2299369108837628,0.0753030303030303,0.08253158172686019,0.0030220956780881115,0.003654651858818689,0.005795019590259667,0.006976236790804375,0.897550710806834,0.0034372763148885865,0.9981057677181575,0.0021531892153174503,0.9451578801106443,0.0023050536393360308
RequestForPayment,LOF,L3_Global,pure_cyclical,17.66089238320982,0.7674643841804222,0.9048913043478262,0.08716385307043047,0.4595232343544378,0.044987585633915694,0.040683114243074796,0.006325692042839484,0.07470382836752675,0.011183061493183438,0.900718341726866,0.003446881307804418,0.994564667145406,0.0005519423098341267,0.9453149961294042,0.0019405691418912091
bpi_2012,DBSCAN,L1_Micro,cum_z_cum_t,,0.0,5.594194017541825,0.17336134562312425,0.1547997016256973,0.00785625800793497,0.08618817601494225,0.005631382266288159,0.11069585090798387,0.006378052538984969,0.9027047599170567,0.0018365771055903716,0.9474355129362714,0.0016506698050508556,0.9245278753605366,0.0012250040976115428
bpi_2012,DBSCAN,L1_Micro,delta_cyclical,,0.0,9.691554111836975,0.14629011762112193,0.4074958533901376,0.010468826792174911,0.392918583830694,0.01011347581537658,0.40000086363163767,0.008556142707204166,0.93242274411258,0.0019678971233120057,0.9361526579934143,0.0018138165581168895,0.9342819145595225,0.0012001426365574534
bpi_2012,DBSCAN,L1_Micro,delta_t,,0.0,2.8250189911110812,0.04006175061896721,0.15837569200269602,0.012682508551463302,0.04452077966964223,0.0036367539112241477,0.0694972993683296,0.00561622418947525,0.9011692272505506,0.0016974193512888198,0.9735678872039175,0.0005014372318912139,0.9359697569888972,0.0009156630012929955
bpi_2012,DBSCAN,L1_Micro,delta_z_micro,,0.0,2.9291996506548013,0.044224447339704286,0.16072075099242714,0.01301821364979755,0.04683282178872392,0.0036964726280316806,0.07252162713139151,0.0057006366388034505,0.9013025955405707,0.0016935263196056613,0.972668112186326,0.0006186920732366492,0.9356254675677922,0.0008589273350321239
bpi_2012,DBSCAN,L1_Micro,omni_fusion_cyclical,,0.0,7.2041568640043465,0.3054993750128041,0.3833397099045197,0.00865202991116104,0.27478143472992106,0.0129605877594063,0.31988141145199517,0.00874112480881246,0.9214335922637733,0.002431098626535854,0.9505972321397076,0.0025108011461124446,0.9357831403987833,0.0008910532507604485
bpi_2012,DBSCAN,L1_Micro,pure_cyclical,,0.0,9.395782451591904,0.1361698649426421,0.4126528894933393,0.008769139221825109,0.3857243329901202,0.006789466714986818,0.3987091087096722,0.007030480780352127,0.9318541095909743,0.0013615147331755059,0.9386462849993936,0.0013225006094669343,0.9352371591985076,0.0010337570969324934
bpi_2012,DBSCAN,L2_Activity,cum_z_cum_t,,0.0,2.2713577421815407,0.22776300489869208,0.1505516017023955,0.011834782085906891,0.0337660538077983,0.0033205839204753307,0.0550759710073499,0.00475715125057449,0.9001707934937393,0.001340390143212588,0.9785271895742003,0.0023046364641012757,0.9377127291469259,0.001016061951223443
bpi_2012,DBSCAN,L2_Activity,delta_cyclical,,0.0,2.601449275362319,0.18226297712848022,0.25986486823074106,0.01881903220209026,0.06691942835367731,0.006256586061926014,0.10636559831510801,0.00911509394214107,0.9032725338208101,0.0011611632372844443,0.9785822642613937,0.0016016969786318926,0.9394199079488093,0.0011321089460055824
bpi_2012,DBSCAN,L2_Activity,delta_t,,0.0,0.28718535469107553,0.029817201512052006,0.10821392073046625,0.0297176904340578,0.0031164925167926987,0.0010590565616108141,0.006056924648819669,0.0020446879783162166,0.8990540341923812,0.0013046467055412999,0.9971554773872736,0.0002640597282289474,0.9455666792037606,0.0007670474397373879
bpi_2012,DBSCAN,L2_Activity,delta_z_micro,,0.0,1.933257055682685,0.2521569618847159,0.2829353509629139,0.017741071143927506,0.05442428552174985,0.00951891119619577,0.0910991043817595,0.014214152431766635,0.9026427644536694,0.0015401448045997764,0.984607161309393,0.0018217561032314743,0.9418431799703469,0.0008990675562882078
bpi_2012,DBSCAN,L2_Activity,omni_fusion_cyclical,,0.0,1.8308543096872616,0.2602545207250931,0.27978153033089803,0.02241506268082906,0.05113007863039872,0.010499010023322142,0.08626051045339687,0.01602174704044701,0.9024064571468242,0.0015392260969408352,0.9853770250922009,0.0017872139908246885,0.9420665029918476,0.0008646531715857031
bpi_2012,DBSCAN,L2_Activity,pure_cyclical,,0.0,3.338100686498856,0.07535702802946137,0.7016981908744738,0.015132589814446847,0.2319800484844073,0.006514693306868124,0.3486580093884339,0.008696388292694309,0.9197722670169133,0.001386693493988336,0.98892119874022,0.0006709824458022376,0.9530937508221745,0.0009185446851830866
bpi_2012,IsolationForest,L1_Micro,cum_z_cum_t,0.22437716278712228,0.927337468484219,30.522507693183165,0.7881459992819116,0.14705865562727227,0.004879573045541445,0.4465029180239399,0.01515759287106349,0.2211982120006152,0.006521372800615559,0.9199351949371254,0.0019759818135053225,0.7105665256383442,0.007757078453664591,0.8017817434162747,0.004532201942188323
bpi_2012,IsolationForest,L1_Micro,delta_cyclical,0.2361467345198745,0.850294335913549,35.18780465567368,0.6997959720215758,0.18925725882253963,0.0038265693079132116,0.6624624862726203,0.010009637582910954,0.2943754908555546,0.004668589914343487,0.9476586848069667,0.0014949183370432046,0.6828288039670314,0.006962669835850148,0.7937155003057603,0.004510078272293737
bpi_2012,IsolationForest,L1_Micro,delta_t,0.19711127424081681,1.7752171895044373,30.322330881489155,0.6888143173877092,0.24302020184377815,0.008054432899778084,0.7330088459586788,0.02320077833487359,0.3649866364663136,0.011356833167646253,0.9615283359348232,0.0027184915741952417,0.7448244741252609,0.006020212971548056,0.8393991683031624,0.003565789108689738
bpi_2012,IsolationForest,L1_Micro,delta_z_micro,0.1973743912915774,1.8092942871799291,29.49925586789958,0.7640461926450322,0.2478270336928814,0.0077176449222455205,0.7272136018203935,0.02314100221344971,0.3696085459616429,0.010358375938812094,0.9611445040047943,0.002803784795384233,0.753320569561236,0.006804183853093768,0.8446134623617484,0.0036686701639926248
bpi_2012,IsolationForest,L1_Micro,omni_fusion_cyclical,0.2296137928877648,0.9024939654517745,26.51689159428103,0.5171377933664782,0.2613967540579154,0.007411008980740986,0.6893467705268044,0.006815513024206891,0.3789866941711403,0.007640990302037624,0.9575052723274927,0.0012300297455980576,0.7822329117642189,0.005945901645733448,0.8610270357567469,0.003408391944999625
bpi_2012,IsolationForest,L1_Micro,pure_cyclical,0.24815285430154868,0.8918361860920596,39.3112639815642,1.101760115458978,0.14318177821827108,0.0030031176881498544,0.5598401008421956,0.010442073539524368,0.22800458584294742,0.0035547822250571017,0.9271032169320316,0.0014785168589344624,0.6255184237333689,0.01120515529350664,0.7469660367581876,0.007930590442808251
bpi_2012,IsolationForest,L2_Activity,cum_z_cum_t,0.4498668830291132,1.2313869692358892,32.163996948893974,1.0813180187653604,0.1373934841366626,0.003843362992254755,0.43783910165850803,0.022503065410238877,0.20911775717215572,0.006734214898526135,0.9163585943119046,0.002097099913836304,0.6914156339918042,0.009599723324326168,0.7881088871745369,0.005694037111690813
bpi_2012,IsolationForest,L2_Activity,delta_cyclical,0.5029346745396687,1.1915153289249023,21.18192219679634,0.21729426286980646,0.2919678492556395,0.005792918517082564,0.6124438062107793,0.007168473663774999,0.39539927497011246,0.0061041685254229015,0.9503518007561421,0.0011110068162395294,0.8331762566919665,0.002578096599024113,0.8879125133124031,0.0014790204955336043
bpi_2012,IsolationForest,L2_Activity,delta_t,0.34800993294169125,1.2838742541125545,29.973112128146454,1.8393169766217954,0.23928584311849846,0.011020799734267882,0.7088781460918238,0.023854886573689803,0.35757578687693653,0.01266640294259598,0.9580274770112049,0.0032212798350164658,0.7462099431116092,0.019125468819694603,0.838824457030104,0.012167626558614942
bpi_2012,IsolationForest,L2_Activity,delta_z_micro,0.3681722086142597,1.2896755122982513,35.84382151029748,1.6433564173072062,0.2008788410385547,0.01091219779030376,0.711839647715012,0.021164202831097007,0.313233900025223,0.01436297518778676,0.9545857669084162,0.004085050648121182,0.6812275405518331,0.018532137031207627,0.7949560433800391,0.013296506148478084
bpi_2012,IsolationForest,L2_Activity,omni_fusion_cyclical,0.4636657610027289,1.1892377282622255,31.713196033562166,0.34892127219183583,0.22982766545985428,0.004797005508781505,0.721766832135324,0.008328869362655292,0.34862332295130816,0.006128410496179551,0.9588511213065619,0.0015968786764312328,0.7283094431065174,0.004390716630682453,0.8278239448387987,0.003189908029382432
bpi_2012,IsolationForest,L2_Activity,pure_cyclical,0.5418805414824199,1.22228801370613,17.81788710907704,0.5806037183025845,0.24791296958012238,0.005595649701113167,0.43731936056413545,0.010509387878235651,0.3163464774044106,0.004548781651207568,0.9308664441276223,0.0015639943522478678,0.8509216213318593,0.005666335133585884,0.8890892544289445,0.002868675909268639
bpi_2012,IsolationForest,L3_Global,cum_z_cum_t,0.5002477834952203,0.9375363702023055,28.033562166285275,2.7349678754125333,0.14794010870307184,0.004985997121764271,0.4100832619053998,0.0343823412871703,0.2170183448977651,0.004974992495637017,0.9172759879315295,0.0026524126601502056,0.7342312068813547,0.026816285121917492,0.8153366045454703,0.015825816584961457
bpi_2012,IsolationForest,L3_Global,delta_cyclical,0.4995888831208043,1.1731689056095478,24.13539282990084,0.809995086256098,0.23802931142420292,0.006652322383900328,0.5686181249955371,0.011096047310291898,0.33549963670874855,0.006671533441742955,0.9425936080588004,0.0011738560787986822,0.7954048038142955,0.008156379160707031,0.862744331274536,0.0046430722973289755
bpi_2012,IsolationForest,L3_Global,delta_t,0.3084911347058,1.2307017383576753,40.014302059496565,1.2119112268911805,0.2030056399342254,0.004257992345047973,0.804199638870692,0.015077297809759267,0.3241235678596274,0.005010084294281766,0.9670723890778422,0.0019898257628252385,0.6452388457917217,0.012028880662637152,0.7739647879611428,0.008141749273576353
bpi_2012,IsolationForest,L3_Global,delta_z_micro,0.34471453776779926,1.151765487885641,44.062547673531654,3.6537413999452486,0.16970551981103316,0.01003573899888275,0.7378790150379683,0.03141378712368319,0.2757132825027794,0.013153736473202452,0.9527075387907769,0.00451466119158121,0.5927420085449457,0.0383405059836084,0.7301286624786013,0.029708846549952088
bpi_2012,IsolationForest,L3_Global,omni_fusion_cyclical,0.4624537691104429,1.1666578744116833,34.6022120518688,0.7390354642744271,0.20475101633743922,0.0031998174569634074,0.7016645208375354,0.015790134517415486,0.31697224994597245,0.004567129304594851,0.9539470334328273,0.002291490962845495,0.6939160779374629,0.006887891229508951,0.8033931753209824,0.004326594932139916
bpi_2012,IsolationForest,L3_Global,pure_cyclical,0.5502541248480104,1.344751401011596,12.117658276125095,0.5006601571567155,0.30609202234224997,0.010295271833132596,0.3669377421175774,0.005248396252273508,0.33366084531267626,0.006441297923322611,0.9272602027574802,0.0013916201237272757,0.9064201682328676,0.005257223982580336,0.9167160606891335,0.0030739806488615717
bpi_2012,LOF,L1_Micro,cum_z_cum_t,14597812.43223856,40865.95562355114,16.199886023694773,1.2416960444614253,0.12280791997621494,0.0032608760719268536,0.19805220407361923,0.017622500767374885,0.1514152274554257,0.006295113162286567,0.9038186325990706,0.0018479323442236804,0.8420292439513977,0.011898017668088597,0.8717855674009888,0.0061742613027142386
bpi_2012,LOF,L1_Micro,delta_cyclical,509.0887222089785,1769.5061815091726,23.088093329407446,0.3711346956058748,0.15999393034905468,0.004124844387430481,0.3674966804204469,0.00880058644258739,0.22291078622010904,0.005149386276936021,0.9173400041321967,0.0017712190634945816,0.7843847165687269,0.003720150698286516,0.8456636200597224,0.0023136156855309126
bpi_2012,LOF,L1_Micro,delta_t,426506.3756879725,11556.053186275003,10.095771066690538,3.805740193268164,0.10432537282441272,0.023545238171410056,0.09936534545857212,0.026253347208185812,0.09891652123743759,0.014124051431356241,0.8992103231957247,0.003855369855112069,0.8988349881217006,0.0399296137965488,0.8986602630897398,0.02160753781325567
bpi_2012,LOF,L1_Micro,delta_z_micro,365673.8195777576,11301.477940097406,5.661588098005074,0.345100535827307,0.1329984570792186,0.010536534587288607,0.07467858519586984,0.003892340581120472,0.09557899586833471,0.005453166044997113,0.9014068070939663,0.0019011890125058303,0.9453994834787848,0.0039139116211700485,0.9228758050449348,0.0023734090889013515
bpi_2012,LOF,L1_Micro,omni_fusion_cyclical,4925762.714747629,68515.36555168645,24.010001208480023,1.3370497638695067,0.16038004281684823,0.007584194759571021,0.3824660916042533,0.013532814608792338,0.22582854609950015,0.007608756959445661,0.9183193249933204,0.001624360688054152,0.7758147725826938,0.013917203900822153,0.841009747056372,0.008133176051839143
bpi_2012,LOF,L1_Micro,pure_cyclical,580.2148208266005,1721.8619057645224,25.41891294794821,0.551116448775308,0.1508084088466505,0.0037242300131470163,0.38131443392787107,0.007838107005161982,0.21610215563545238,0.004220706284808966,0.9166143278808108,0.0018918570698175257,0.7600134340522394,0.005787129308746121,0.8309889191292928,0.003550059555773237
bpi_2012,LOF,L2_Activity,cum_z_cum_t,393438493096.2467,1188878.9150093226,3.1252860411899315,0.6956108010250989,0.11610411750472312,0.011541438024047434,0.0358832002461143,0.00851958436818651,0.05438376290894881,0.010314353359296013,0.8995150421172122,0.0011114651036271185,0.969270095972451,0.006864075849853855,0.933079232384743,0.0031421234405220834
bpi_2012,LOF,L2_Activity,delta_cyclical,9.129045765606572,7.020017322642647,12.067315026697177,1.6907518233116718,0.2202551168612445,0.02369974786442515,0.26090206118723624,0.02830094947956826,0.2379504385007281,0.021909505682903174,0.9151192533767928,0.0033734563905420505,0.8950667996821673,0.017566424463969936,0.9049054341061676,0.009518648689308316
bpi_2012,LOF,L2_Activity,delta_t,992.6921343214026,24.27375442866443,20.244851258581235,6.591486176145492,0.08574567216521772,0.013820991492579737,0.1769855771936269,0.07240950547891847,0.11288048550816984,0.028527570712087526,0.895814016929589,0.0031329531048569334,0.7946847981470975,0.06553306604213435,0.8409475266618905,0.03631512562845484
bpi_2012,LOF,L2_Activity,delta_z_micro,301592607064.6642,462427.6613418955,3.710144927536232,0.9334689919107323,0.15623953647861602,0.01583865396581286,0.05683702215955746,0.012897344979852177,0.082359912224381,0.01424275854409586,0.9010977384546746,0.001661250890676128,0.9651107491220368,0.00905994003506074,0.9319856669414912,0.004117920399072854
bpi_2012,LOF,L2_Activity,omni_fusion_cyclical,237265869970.55804,452405.6676855286,3.1994660564454613,0.6642075929997383,0.17528898462140002,0.029052736989052908,0.05534444027123968,0.013077486611631115,0.08356028781433048,0.017472700501826973,0.90146405136682,0.0017838267178766393,0.9706242254437946,0.006362009123111681,0.9347574695629779,0.003204230392418718
bpi_2012,LOF,L2_Activity,pure_cyclical,523.4020583059034,9.717133077589002,4.825324180015255,0.6076967019193198,0.23187536578319765,0.019043549384830636,0.11040774356360188,0.013025017677901143,0.14912546644421346,0.01403482234344259,0.9056286891457253,0.0013687912835630193,0.9587303985974902,0.005655225278410514,0.9314151819656613,0.002690145286984932
bpi_2012,LOF,L3_Global,cum_z_cum_t,227317757992.85815,276.48589022501494,0.008771929824561405,0.00643229628307832,0.00909090909090909,0.02874797872880345,1.8857250612860643e-05,5.96318623452457e-05,3.763643206624012e-05,0.00011901684833151597,0.8990224057677478,0.0012919940187504403,0.9999045375664473,6.730157629645989e-05,0.9467833129149114,0.000721283255969805
bpi_2012,LOF,L3_Global,delta_cyclical,9.733999287354218,0.2663185424552653,18.64435545385202,3.9779567221454135,0.09317818111583101,0.0036453541984998524,0.1731678620301649,0.04097678578760214,0.11964173789834635,0.015646166504978798,0.8973830337453388,0.0014971203714168758,0.812064514245565,0.039674855888124014,0.8521409601851486,0.020816843728424166
bpi_2012,LOF,L3_Global,delta_t,0.8567721366882324,0.39232474077512086,99.99561403508773,0.0037118742234120723,0.10097121892155705,0.0012909153664300897,0.999961991550307,8.012896333140053e-05,0.1834192054042226,0.002131235599405782,0.8550000000000001,0.3148632860288555,4.451074850578554e-05,3.659853561419169e-05,8.901449526592353e-05,7.318864772563444e-05
bpi_2012,LOF,L3_Global,delta_z_micro,673330634619.7936,92.11726317436049,2.665903890160183,1.8412382277467305,0.3475706329087159,0.3501888372639135,0.05593301789143139,0.038554170369741195,0.08117908125548043,0.055791906228834606,0.9020882606866266,0.003017750092972399,0.9766126398814192,0.016185259336571986,0.9377914020308771,0.005953599838355032
bpi_2012,LOF,L3_Global,omni_fusion_cyclical,431861385992.61755,165.62579879285389,1.8932112890922959,1.9961890969345808,0.20587497548597972,0.2982730657651054,0.03968679034904894,0.041712323754976535,0.05778644874408494,0.06064827635801815,0.9012088685069323,0.002551056383095355,0.9834009792482317,0.017526730333415324,0.9404254694929856,0.006857484444729237
bpi_2012,LOF,L3_Global,pure_cyclical,4.69791460006206,0.564726904978883,6.130816170861937,0.2799662845470276,0.08687666860435975,0.0036764714901050223,0.0526777228008027,0.0013570160014674073,0.065564973115707,0.0017435018772612324,0.8980976379165817,0.0015466890610254052,0.9377195003028896,0.0031067821290998885,0.9174798251758529,0.0021448061572162066
bpi_2013,DBSCAN,L1_Micro,cum_z_cum_t,,0.0,1.060423248875162,0.28739943471332924,0.5049386724386724,0.13184671147794635,0.05243806141617844,0.021988422292143987,0.09438655867549957,0.03770554843215626,0.898459796019041,0.010484512895936316,0.9942285684373807,0.001870946663522239,0.9438911243141472,0.005769129587873573
bpi_2013,DBSCAN,L1_Micro,delta_cyclical,,0.0,2.9369387105803195,0.5114484576741636,0.2447616494347548,0.0748296524353157,0.06872515580026609,0.024414466209527183,0.1068641720518233,0.036373415322429783,0.8982543836047828,0.010788161647134958,0.9751467061216343,0.005004848842349082,0.9350964616715659,0.00703955478594864
bpi_2013,DBSCAN,L1_Micro,delta_t,,0.0,0.7448646486287129,0.1451366472308632,0.21261904761904762,0.17204493105534746,0.01496773642089407,0.012132139451392951,0.02784834895258012,0.02244835318471801,0.8948809768779438,0.009609827426857514,0.9934387718989649,0.0018817218390321895,0.9415597122021779,0.005052669518807347
bpi_2013,DBSCAN,L1_Micro,delta_z_micro,,0.0,0.7592946630587273,0.14965859655054456,0.22595238095238096,0.17607764870188944,0.0163375994345927,0.012731485270356786,0.03034753752771806,0.023539946238926863,0.8950113042196046,0.009625701809158458,0.9934387718989649,0.0018817218390321895,0.9416317776975462,0.005063127742136582
bpi_2013,DBSCAN,L1_Micro,omni_fusion_cyclical,,0.0,1.7915167809703085,0.4173328595020519,0.38178002553002555,0.1240902890792514,0.06353035060546089,0.02144556689816598,0.10809682390722601,0.034864977234063,0.8988657019428972,0.010790195398916007,0.9873285503456991,0.0047180748239076765,0.9409925065264646,0.006675210782282061
bpi_2013,DBSCAN,L1_Micro,pure_cyclical,,0.0,3.166031105679506,0.5352935463432325,0.17038242613690185,0.07488065516166163,0.0521418692044998,0.023272938457964635,0.07942115929928432,0.03495929750306975,0.89625646014828,0.010456791533533074,0.9706851989140436,0.005330695942256005,0.9319491220963279,0.005883654895359884
bpi_2013,DBSCAN,L2_Activity,cum_z_cum_t,,0.0,1.0885885885885886,0.16693773854011928,0.17573805279687632,0.15637668670965268,0.017401182529928592,0.014479962119108188,0.03157621681222775,0.026397980158191812,0.8945017181699141,0.006791405426631293,0.9899306765397711,0.0025607199138518665,0.9397827940879857,0.003448525570337239
bpi_2013,DBSCAN,L2_Activity,delta_cyclical,,0.0,13.82132132132132,2.6245155315732394,0.3859460191316746,0.04430668555225424,0.5032248291120065,0.10639991345619425,0.43455215497421423,0.06429695893658303,0.9393305660840261,0.010902201823660822,0.9054428434101078,0.016606773629439065,0.9219277264186433,0.007264120646224085
bpi_2013,DBSCAN,L2_Activity,delta_t,,0.0,3.528528528528528,0.4992476812627629,0.0648626519961613,0.034370915623670534,0.021759344961565667,0.01210602527459783,0.03244222706463126,0.017641472270613745,0.8923001238700277,0.007072650113751739,0.9631306519439841,0.004942440381653,0.926342204957012,0.0041437555036080995
bpi_2013,DBSCAN,L2_Activity,delta_z_micro,,0.0,8.438438438438439,0.9263992513653542,0.19258648391810493,0.05071406871325132,0.15378656677906327,0.0442643305895047,0.17046884747955077,0.04634327503934813,0.901861805574284,0.007791513258476223,0.9238952030214668,0.008456965441165316,0.9127156367524117,0.005973258208421764
bpi_2013,DBSCAN,L2_Activity,omni_fusion_cyclical,,0.0,7.327327327327327,1.463568215633184,0.1934101846953879,0.0570635968642751,0.13465446516905236,0.048401101707154844,0.15709096684001123,0.05130653737047558,0.900832006801525,0.008255482700114967,0.9340293586977083,0.013727718755498339,0.9170416027254719,0.005943637742740104
bpi_2013,DBSCAN,L2_Activity,pure_cyclical,,0.0,13.82882882882883,0.8867479108477949,0.4088317186789209,0.02881563757278429,0.5324338516478485,0.03931557155883577,0.46238497907955056,0.03225302217291784,0.942493406643018,0.0046373882879767285,0.9086745433120991,0.004945443037746343,0.9252690678158251,0.004112783951828573
bpi_2013,DBSCAN,L3_Global,cum_z_cum_t,,0.0,0.8258258258258258,0.0,0.2,0.1808052592748642,0.015193611029717651,0.013331762548233053,0.02823373338451446,0.024822967709378616,0.8945495836487509,0.006686139202667948,0.992613886657361,0.0016455884165801698,0.94101984852921,0.003568781291087018
bpi_2013,DBSCAN,L3_Global,delta_cyclical,,0.0,2.5375375375375375,0.7935734925116553,0.4451752220202181,0.09150606046896845,0.11105326688553782,0.047233344653699855,0.17571505390163603,0.06832375688331474,0.9031222927232436,0.00809868031016773,0.9847956467289295,0.003906829898477949,0.942166814695591,0.004160833892445887
bpi_2013,DBSCAN,L3_Global,delta_t,,0.0,0.21771771771771772,0.02374082327453738,0.06666666666666667,0.14054567378526128,0.001455026455026455,0.003068098810778625,0.002847876760920239,0.006005039312902345,0.8936887365139711,0.007323267590568369,0.9977329507450771,0.00040056355579034934,0.9428345065100338,0.004050248995758835
bpi_2013,DBSCAN,L3_Global,delta_z_micro,,0.0,1.2687687687687688,0.3439461871577311,0.1950726904674273,0.13736019187093487,0.02331639394210336,0.01679669951624723,0.041439679812940916,0.02968427768656854,0.8949179361326541,0.0073714322206170045,0.9885814789144561,0.003648693093191069,0.9394021379457171,0.004240182019560994
bpi_2013,DBSCAN,L3_Global,omni_fusion_cyclical,,0.0,1.8468468468468469,0.5334499537327018,0.18889494103062318,0.10555616500189384,0.03441170117730559,0.025778180395713605,0.05747502617697024,0.041200588068392344,0.8955367108658434,0.007016023639252529,0.983470002444214,0.00419447770343909,0.9374197113222313,0.002991184845966562
bpi_2013,DBSCAN,L3_Global,pure_cyclical,,0.0,10.015015015015015,1.5748675930577118,0.4608202323551148,0.029412018787384534,0.43442263079574406,0.06720269759446715,0.4450228568836244,0.040971289891535076,0.9333301960719884,0.008541507100258168,0.9395901999651433,0.009950116517500128,0.9363882377760747,0.004718744408035343
bpi_2013,IsolationForest,L1_Micro,cum_z_cum_t,0.007872570164933779,0.05278163845654944,2.6231811118863453,0.736676281152879,0.27977996215208495,0.090732393242956,0.06852412395539861,0.029398772199733823,0.10859237570047589,0.04243908381217141,0.8986104205673845,0.010406390441557455,0.9786918663335497,0.007418385996577627,0.9368962576014155,0.006049921161104471
bpi_2013,IsolationForest,L1_Micro,delta_cyclical,0.008565249092323892,0.023512485775675204,5.336937793859334,1.9091495472674325,0.1360535607574516,0.06415758293417233,0.061850242281516955,0.02307334590613643,0.0828518343853885,0.03040077343854725,0.894856214621786,0.011454027342903256,0.9474812799429154,0.02174068667564619,0.9203217674126554,0.013821618462900195
bpi_2013,IsolationForest,L1_Micro,delta_t,0.006248490451316178,0.03653306298624165,3.13784268518235,0.7781264438648358,0.24627225357488514,0.09780857053322305,0.07132255839766868,0.029437018840945378,0.10870467290658963,0.04086922232006706,0.8983643426842216,0.010693633541760193,0.9732496585130507,0.007912167864010066,0.9342624956579971,0.006578863280325364
bpi_2013,IsolationForest,L1_Micro,delta_z_micro,0.006243777169107766,0.03688237502753723,2.8939761002803928,0.8914083814444936,0.2765131465641292,0.12614528227697197,0.07132255839766868,0.029437018840945378,0.11046475764662618,0.04088796465984511,0.8986435494049999,0.010372988415549532,0.9760064315102314,0.008977415153421242,0.9356657570740486,0.005516629439294026
bpi_2013,IsolationForest,L1_Micro,omni_fusion_cyclical,0.007926912831370498,0.022849973926247547,3.0964060918777916,0.7320891220501162,0.23960943081686117,0.0703168679900665,0.07132255839766868,0.029437018840945378,0.10888680414661481,0.04072374115911543,0.8983984621926897,0.010683267602369581,0.9736975242374235,0.0065715438861284415,0.9344959624329086,0.006641409823315379
bpi_2013,IsolationForest,L1_Micro,pure_cyclical,0.009266587942125828,0.024754826597089028,4.458688167113971,1.2553098159294824,0.10490573531249588,0.059419084455332484,0.039528734222720754,0.019875081999454678,0.05708712062120421,0.029728310051869364,0.8933751082920083,0.011518692721459228,0.9546781266076904,0.015716989907157888,0.9229892323592581,0.012814659347041126
bpi_2013,IsolationForest,L2_Activity,cum_z_cum_t,0.4855840792884938,1.6933611242187225,36.509009009009006,5.1267781231485,0.1355108577519863,0.015724552450650256,0.46739221288782645,0.09177842019198015,0.20921828529512076,0.024553524919569424,0.9115593367848088,0.010266693026508003,0.6471639328102978,0.047239408499033804,0.7558167370733415,0.029819681439409024
bpi_2013,IsolationForest,L2_Activity,delta_cyclical,0.5006164494257972,1.7262773075449478,36.051051051051054,1.3349390782439865,0.2676983042630483,0.02058576185816219,0.9076204543133078,0.020758296251250093,0.4130104582909861,0.024029590662401335,0.9846529176539007,0.003478845685707458,0.7045452215477328,0.015271744818313594,0.8212750918996237,0.009869349178780464
bpi_2013,IsolationForest,L2_Activity,delta_t,0.3753268049653965,1.836042962992177,42.25975975975976,9.896785198648045,0.18992443026451333,0.03856914806409884,0.7608651340874413,0.22877122937315875,0.3016771606932732,0.06441027287324057,0.9610637851763528,0.03532226876643684,0.6180256115129237,0.08887022651057787,0.7472735738877414,0.06302676805137569
bpi_2013,IsolationForest,L2_Activity,delta_z_micro,0.5574682824866444,3.638000162232894,65.6981981981982,4.9198779143578015,0.13349642911332024,0.009698823046697403,0.8255235952347405,0.06501952186213505,0.229547177512709,0.01470669939005316,0.946230651178802,0.01654737475339897,0.36292083108486983,0.050162487415174886,0.5226582219643405,0.05202830172103936
bpi_2013,IsolationForest,L2_Activity,omni_fusion_cyclical,0.4891645168405132,1.2110191463334805,38.53603603603604,1.4566413375187284,0.19652665309139733,0.013490598620360856,0.7137673947099601,0.04817988624886225,0.3080901939953168,0.020137759389964902,0.9505184747611753,0.008921409378623249,0.653609915944269,0.012944257910724212,0.7745283511604273,0.010480057493749313
bpi_2013,IsolationForest,L2_Activity,pure_cyclical,0.5474122710371455,1.9058014864950983,23.91141141141141,1.8029310497575854,0.3042497354627737,0.026575702149728944,0.682481150182404,0.027820600032988488,0.4200364389291262,0.026005298261277142,0.9556147397926505,0.005378363729667103,0.81355801143804,0.01962405438611495,0.8787528432017655,0.011433268967398887
bpi_2013,IsolationForest,L3_Global,cum_z_cum_t,0.3874475156084748,1.3267565685210854,70.09009009009009,12.161245573208767,0.15608626108857046,0.03912150755687861,0.9905432475447842,0.02506587980925628,0.2675741524378493,0.05244936467574629,0.9981661703534904,0.0040522765838107025,0.3334575027682035,0.1324700292970418,0.4887308777919401,0.12084611032142652
bpi_2013,IsolationForest,L3_Global,delta_cyclical,0.4877315055668624,1.5753713603453572,37.75525525525525,1.8691700295591622,0.26783442491626624,0.017288183718050052,0.9511354911858044,0.0191337914374315,0.4176518514750585,0.020891916139518497,0.9917273523397794,0.00302308939239002,0.6906285289583266,0.018421173504170576,0.8140889608766575,0.012205648660181367
bpi_2013,IsolationForest,L3_Global,delta_t,0.3155877370183591,1.5758377113924138,60.1951951951952,0.7646363533320406,0.1764706439159796,0.011578687316845799,1.0,0.0,0.2998528441146078,0.01662324264140109,1.0,0.0,0.44536960518904073,0.008425380000639018,0.6162287297518018,0.008036010845955108
bpi_2013,IsolationForest,L3_Global,delta_z_micro,0.6122557451716061,3.161195314318532,61.726726726726724,1.3155643992855894,0.13777088452683167,0.007954677716624814,0.8023467178146444,0.053463712224975146,0.23502852833323779,0.01249231934155032,0.9448529629423105,0.015984113668745803,0.404526061520927,0.012403017609280061,0.5663757846154959,0.012383266689670767
bpi_2013,IsolationForest,L3_Global,omni_fusion_cyclical,0.49646316672974977,1.0719271708463398,33.09309309309309,16.02578061946694,0.31190999284500204,0.06536600068030382,0.887004001506982,0.05242101388148976,0.4557976736939069,0.07884337627296752,0.9831417878474997,0.008314993085228458,0.7350686262009658,0.1744718534963006,0.8264668599287356,0.15430806568349056
bpi_2013,IsolationForest,L3_Global,pure_cyclical,0.5378576082877933,1.9518334230350702,23.123123123123126,0.565144634165977,0.31824929935322743,0.021416968909044952,0.6929167169041615,0.024803095603632263,0.4357418044600497,0.02133124048681739,0.957528096914342,0.0050809208816367905,0.823629215339151,0.006654816108758681,0.8855214450038715,0.0037344569524891437
bpi_2013,LOF,L1_Micro,cum_z_cum_t,130.6813698723729,0.1825744450854103,2.610557517664623,2.1975258494443133,0.2840085372940466,0.10312454999273964,0.05754928082778095,0.030833271819673696,0.08946108090279208,0.03923008302371711,0.8975323921935775,0.00931515317231383,0.9776511956601986,0.021831010690783716,0.9357685835134018,0.012136784417091224
bpi_2013,LOF,L1_Micro,delta_cyclical,0.02083577321362003,0.04414809236111451,2.667042562451652,1.1219229860881883,0.1836887673729779,0.06869436787768275,0.045531024949819934,0.026679113637510667,0.07056904251652586,0.03547286454334854,0.8960566013876303,0.010646560440350025,0.9754591484051855,0.010423239429016426,0.9340162627141847,0.007226145092634102
bpi_2013,LOF,L1_Micro,delta_t,644.9607642987207,34.92352479107748,0.9168692443443405,0.4050271678470393,0.13825396825396824,0.10987521266544446,0.013578847532005184,0.013031067011499278,0.0244567676560557,0.022623059444665746,0.8945436878197546,0.00969739477208047,0.9913400753984764,0.0035552123294715736,0.940433358568801,0.005853013142399964
bpi_2013,LOF,L1_Micro,delta_z_micro,500.1496678124304,36.20248858492013,0.9881528027870534,0.5235562601941685,0.1525,0.1028512178628577,0.01496773642089407,0.012132139451392951,0.026900267753926288,0.02096617455460177,0.8946058127261967,0.009806736617854216,0.9906959530152235,0.0051832622360277626,0.9401776949890488,0.00644567279895356
bpi_2013,LOF,L1_Micro,omni_fusion_cyclical,0.0184377305081807,0.023770369490456376,2.1075311107319252,0.7144995221457905,0.26607869310958554,0.14472613236763834,0.047739993302623907,0.018692026473799583,0.07948932853747359,0.031370749051729645,0.8969502169189717,0.009662483893887906,0.9820735097539386,0.008418583248263356,0.9375332187132166,0.005584061103242736
bpi_2013,LOF,L1_Micro,pure_cyclical,0.02182362753369913,0.04188569572153591,2.608221004554614,1.976151724784013,0.12272588522588523,0.09351877618692844,0.036004076973255056,0.036139999473497345,0.052661229767973605,0.047507339184028975,0.8952444316336845,0.009200177750522412,0.9751633093797055,0.018411699824844613,0.9333833684203677,0.009021597855642783
bpi_2013,LOF,L2_Activity,cum_z_cum_t,10150471552189.488,3634171.3314156025,3.3633633633633635,1.3623362522403464,0.07921793857218215,0.05490744579401444,0.022882892521585728,0.01733373844970477,0.03415111693323865,0.025349747512253284,0.8926432399873659,0.006393783771276608,0.9651668516114841,0.014445502743948757,0.9274255990336281,0.007094043166846146
bpi_2013,LOF,L2_Activity,delta_cyclical,1.3224716787479405,2.1771509208776427,24.617117117117118,4.15014972763403,0.21127466910478274,0.016557689338542767,0.4902894935579825,0.08844756464238643,0.29389987482801583,0.03013824051251583,0.9287443185962845,0.0076448976097539065,0.7829966221727975,0.0354256592460722,0.8491804732453924,0.018339856846341273
bpi_2013,LOF,L2_Activity,delta_t,31466.01221162033,4629.19980544688,2.8828828828828827,1.5772517104740855,0.12406588983675818,0.08836930514874096,0.02995141961742976,0.022166066795831142,0.0450528696530147,0.029482481412719627,0.8938754477437367,0.0077716363619506415,0.9712865667342285,0.016035873713193906,0.9308977467039143,0.008217375463916234
bpi_2013,LOF,L2_Activity,delta_z_micro,4.120758263517224e+16,78.81441134621946,32.95045045045045,1.1299844923896627,0.18388270679485988,0.016075508589191514,0.5703435481079155,0.03701574552847022,0.2778763035799892,0.02136820550006006,0.9319217188510533,0.00747342177000004,0.6991175647216938,0.011771122725708903,0.7988515793716718,0.008558285506210007
bpi_2013,LOF,L2_Activity,omni_fusion_cyclical,3985679090599.0977,3.0725705913291503,33.708708708708706,1.315183517864956,0.1837327487738871,0.01741687360494323,0.5832843830644965,0.04936748155662923,0.27910955561833684,0.02368228473199621,0.9332712735194093,0.008613985200923886,0.6921844477575974,0.012410330127964069,0.7947550518438854,0.007510506520911393
bpi_2013,LOF,L2_Activity,pure_cyclical,1.3416225819684535,1.8707035440753976,16.396396396396398,5.672483756421146,0.22415442019269505,0.025896932338204788,0.3403027364140365,0.10243275636740298,0.2642070050691912,0.03479840770921716,0.9167977443204304,0.007477745578522771,0.8571642260952913,0.05120162815754361,0.8851119267706113,0.025514459432479323
bpi_2013,LOF,L3_Global,cum_z_cum_t,33903091245875.133,37.256787338991025,0.6831831831831832,0.30123727699307623,0.16363636363636364,0.1808052592748642,0.012336468172574794,0.013207195827628927,0.022935720139481346,0.024607332971574438,0.8944006846123225,0.006583569756449768,0.9938754563468948,0.0029438504692990046,0.9415014830190097,0.003456563219190066
bpi_2013,LOF,L3_Global,delta_cyclical,1.250006357578186,0.8404474933421395,28.295795795795794,1.5501180047956842,0.1828780355607368,0.015513740092134938,0.4868608332034432,0.03139181041008706,0.26574558945823534,0.020184910361918516,0.9240485326887166,0.0056764185344129895,0.7413186073897651,0.014676139373867438,0.8225996922172497,0.010316350638886397
bpi_2013,LOF,L3_Global,delta_t,2979.247561026777,116.56036809742436,2.8528528528528527,3.3805094676212777,0.03775512572533849,0.07651053628538916,0.007732518811746673,0.010428816494038864,0.010001956646055288,0.011942983718080028,0.891365649153596,0.00868430686765826,0.9689494745831497,0.036787405825106895,0.9282931092532769,0.019887577084345295
bpi_2013,LOF,L3_Global,delta_z_micro,168824088925.03256,0.5052667176690165,33.58858858858859,0.9725691933126024,0.1879361899894052,0.017767506232027785,0.5938234841966177,0.03789211174482565,0.2852458976024707,0.02340964620539419,0.9349915136879268,0.007836478494857104,0.6947718990820925,0.012156417213428604,0.7971244502471664,0.009109268620060536
bpi_2013,LOF,L3_Global,omni_fusion_cyclical,34818036615.80082,0.5272199016039243,34.271771771771775,0.9693765739863125,0.1881029402693528,0.018292298795798714,0.6061829211147889,0.03636402606819877,0.28685783061287795,0.024152777382872796,0.9363719745846426,0.00700152512332523,0.6886424398488635,0.011972585137825894,0.793572333437832,0.008876405731782284
bpi_2013,LOF,L3_Global,pure_cyclical,2.6831900009999163,9.692289539057153,7.732732732732733,5.761084707232729,0.27074047301965415,0.28468264747490146,0.127829047002283,0.08589252899087897,0.12652912822291676,0.07572706801470087,0.899600354051438,0.010070694831389476,0.9284941227497125,0.05469741450713112,0.9128914633111898,0.022841929571617958
large_log,DBSCAN,L2_Activity,cum_z_cum_t,,0.0,0.82,0.060820013762527846,1.0,0.0,0.08183827318340708,0.0061856983070574054,0.1512403875015371,0.010581295582592545,0.9072059657259454,0.0022812156263741275,1.0,0.0,0.9513442131681149,0.0012530561466537445
large_log,DBSCAN,L2_Activity,delta_cyclical,,0.0,2.166666666666667,0.05729903151315642,0.6952659008989224,0.01665154112075451,0.1502663050884651,0.0031130364449265453,0.2471032549175191,0.004734733516204185,0.9129381182064724,0.002152251778102211,0.9926551640360909,0.0005535670158176735,0.9511281557649793,0.0012707183932317277
large_log,DBSCAN,L2_Activity,delta_t,,0.0,0.19,0.018550897618959984,0.05563138426004958,0.02940902440970053,0.0010345399050630338,0.0005623828552344954,0.0020310738464760654,0.0011033749721577064,0.8996802443354953,0.002215706701331325,0.9980041900780439,0.00022443239749172857,0.9462936778668691,0.0012149017617299018
large_log,DBSCAN,L2_Activity,delta_z_micro,,0.0,0.19,0.018550897618959984,0.05563138426004958,0.02940902440970053,0.0010345399050630338,0.0005623828552344954,0.0020310738464760654,0.0011033749721577064,0.8996802443354953,0.002215706701331325,0.9980041900780439,0.00022443239749172857,0.9462936778668691,0.0012149017617299018
large_log,DBSCAN,L2_Activity,omni_fusion_cyclical,,0.0,3.5845833333333332,0.09656623933987955,0.6389945185162924,0.01098118874568934,0.2284966322960623,0.003899253434843087,0.33659490554515986,0.004799053380053633,0.9197905014221341,0.0020219915367615444,0.9856113155808612,0.000745626584070937,0.9515631797177366,0.0012656948752582204
large_log,DBSCAN,L2_Activity,pure_cyclical,,0.0,0.5125,0.052411006289203345,1.0,0.0,0.05115924684097163,0.005384268795607434,0.0972937091828326,0.00976337597571455,0.904401996617526,0.0023177951092246997,1.0,0.0,0.9498001642993863,0.0012770561351612432
large_log,IsolationForest,L2_Activity,cum_z_cum_t,0.39262457061567074,4.864963069873954,20.50208333333333,0.45455619551001963,0.4888591854656875,0.009805872332627027,0.9997514912691031,0.0004463546740028406,0.6565829765743808,0.008863504637137308,0.9999685712371249,5.6279591654683174e-05,0.8835098697524796,0.004179186688305199,0.9381340724922893,0.0023571022176185684
large_log,IsolationForest,L2_Activity,delta_cyclical,0.40474976935687934,1.6707673078590772,35.035833333333336,0.6929628639863749,0.2792909617094012,0.004787958149672154,0.9761711921004569,0.004430393034133546,0.43429351998793375,0.005636754941554593,0.9963191212739566,0.0007199233879305397,0.7193469343879673,0.006730435171497431,0.8354596348104613,0.0045315870700424815
large_log,IsolationForest,L2_Activity,delta_t,0.37613537948420056,3.4187065871890328,24.38125,1.050892936747685,0.41085661230128057,0.013668110047769235,0.9982926825609374,0.0008276150055274753,0.5820092655806992,0.01367339856527665,0.9997745880911909,0.0001068158362517371,0.8402248094635254,0.010481703194240174,0.9130502218010739,0.006192848167473676
large_log,IsolationForest,L2_Activity,delta_z_micro,0.403990389421481,1.3759095130378902,38.566250000000004,1.0099341631457408,0.25499393225978556,0.005777731151678467,0.9808259950509323,0.004553622079476082,0.4047267544294801,0.00729090946535089,0.9968860866377932,0.0006460156620326174,0.6806348835018602,0.010103029958660146,0.808909482276318,0.007020704492596638
large_log,IsolationForest,L2_Activity,omni_fusion_cyclical,0.41606456418879506,2.0194666942322077,26.455000000000002,0.4606708071851228,0.367962458027788,0.005713502667089778,0.9711695835675869,0.004350655231580469,0.5336876444623224,0.006154738285708104,0.9960669382514682,0.0006279745096607948,0.8141605306124964,0.00403155897422349,0.8959695064938117,0.0025488446325160887
large_log,IsolationForest,L2_Activity,pure_cyclical,0.40596039509224974,1.3416172650869416,32.73625,0.8312475053336739,0.29834416123964513,0.0078062490294799345,0.9740363781699163,0.004035989811159284,0.4567247786756445,0.00904398434076597,0.9961283291452249,0.0006350324207137617,0.7446702612532119,0.008624204082125941,0.8522126406194424,0.005612241455808413
large_log,IsolationForest,L3_Global,cum_z_cum_t,0.5015151077878791,1.5805892985130305,15.717083333333335,2.1549679271337916,0.6418254412099558,0.11254346928730614,0.9846467971487481,0.0031341777818025395,0.7725028277166213,0.07057898823876542,0.9981853446789553,0.00028079747657634095,0.9349866479477017,0.022177841568707068,0.9654317845622613,0.011459269697851604
large_log,IsolationForest,L3_Global,delta_cyclical,0.4665122053459803,1.0386167446463959,39.31,4.7289801317429685,0.22835739675265154,0.020825730162743066,0.886976373171032,0.025606896455491066,0.3624733737467575,0.024604960540946387,0.9815158344481969,0.0031181704283781454,0.661907386609452,0.04970185535933471,0.7895894028454675,0.03498470303088766
large_log,IsolationForest,L3_Global,delta_t,0.4615443334181494,2.9659997012090376,17.50375,0.4882431420314466,0.5567362191510936,0.010480238397763582,0.9719553363510085,0.00323396587265617,0.7079027167923108,0.008640296087143989,0.9965962267534982,0.0003681320620010333,0.9137379097776736,0.0040057861944658825,0.9533659211417588,0.0021742794981613085
large_log,IsolationForest,L3_Global,delta_z_micro,0.45239660246405045,1.253289863932614,30.1475,2.0274202500641976,0.29599772558946125,0.01573890942712275,0.8877161827534377,0.01558317344493576,0.44367136375135513,0.017241583253626593,0.9839451142961758,0.0017208571559444831,0.7638438431241655,0.020889085008301167,0.859878523597329,0.0130066990911411
large_log,IsolationForest,L3_Global,omni_fusion_cyclical,0.4867421613274797,1.109422737198997,18.142500000000002,1.6591820366868115,0.4768108029848972,0.02874938858018641,0.858885477311684,0.019492129373284144,0.6124403147754836,0.02230086566703191,0.9827540324920827,0.00213353778328695,0.8940398173605615,0.016136378738586993,0.9362197922017232,0.008436156134935837
large_log,IsolationForest,L3_Global,pure_cyclical,0.4883953646471606,0.9766765714011376,33.22666666666667,2.216984452297397,0.1862948755296401,0.008566722790104956,0.6167893654348745,0.035773009443204606,0.2859072499869993,0.010727289268168134,0.9425260950890373,0.0045289302791162635,0.6994173842949987,0.021732700524126406,0.8027767701771182,0.013580933201997356
large_log,LOF,L2_Activity,cum_z_cum_t,10571.334978457435,802.1339911322983,1.3525,0.14652876513622046,0.22167521881121574,0.024310328100963997,0.029932543020209312,0.004616575755899483,0.05266965341580597,0.007638140210804993,0.9014312920513307,0.002358913484750132,0.9882995766518172,0.00133672476044767,0.942866145485916,0.0010696021110094358
large_log,LOF,L2_Activity,delta_cyclical,67.861671379912,0.7239412555725773,1.2887499999999998,0.06986124917150052,0.5724901315420847,0.01970346531196449,0.07362736177470533,0.004702863329418842,0.13043655468142304,0.007631980581001296,0.9059294225161786,0.002370701505323686,0.993873098951943,0.0004924356801512601,0.9478643836804643,0.0013666932952806742
large_log,LOF,L2_Activity,delta_t,8441.40958793432,26.7905646787872,32.10666666666667,11.08226832811299,0.06889312474515759,0.019914170304054395,0.23773145258892708,0.12302405727883815,0.10531903376991762,0.03641720790873391,0.8874320850780786,0.0027434412334164876,0.6696632186752854,0.10957378268164426,0.758872200050373,0.0721215556837689
large_log,LOF,L2_Activity,delta_z_micro,3979.8055584683584,23.300425745446503,0.46291666666666664,0.08090084046321347,0.31005783621377814,0.029647430335297337,0.014257048317055834,0.0022954564827110772,0.027234945551985502,0.00424143304928615,0.9007356443747299,0.002253600135652434,0.9964426602816433,0.0007053159580588639,0.9461740324902971,0.0014308335947611796
large_log,LOF,L2_Activity,omni_fusion_cyclical,44.67592747745094,0.5637365305097195,1.6745833333333333,0.12134231880647957,0.21407742857805698,0.02452997536452967,0.03565430351435855,0.003829928148582571,0.06109944394997287,0.006505970101870791,0.9016902376819969,0.0024026365039769913,0.9853560132351887,0.0013828230625308883,0.9416672215902435,0.0017036611842687576
large_log,LOF,L2_Activity,pure_cyclical,2317.848098203444,1.8278966005890827,10.62875,4.691645471467155,0.19132635573697093,0.14051087452061894,0.14412371418867378,0.012315959298396332,0.14929457506066765,0.047660334139909534,0.9037767616859884,0.005595245915304398,0.8979431146253815,0.05257717922934273,0.9002949186756141,0.028502726921832918
large_log,LOF,L3_Global,cum_z_cum_t,5.334777901325379,0.18502645266982268,0.07666666666666667,0.01131752710414632,0.99375,0.01976423537605237,0.007602980559241681,0.0011240501144093218,0.015088436607108716,0.0022135441060241907,0.9004528036310795,0.0022059741270482164,0.9999953938277292,1.4565995670950138e-05,0.9476158671765367,0.0012158824970640366
large_log,LOF,L3_Global,delta_cyclical,8118.342534064805,227.3565743550027,0.22208333333333333,0.34762781866335435,0.5354911702357199,0.39853187519430316,0.01638463310133346,0.02665065653099328,0.030536938254907175,0.04883830353504863,0.9011700381770582,0.003983440220009854,0.9993244387031378,0.0010392756885628008,0.9477069211985555,0.001926868089178327
large_log,LOF,L3_Global,delta_t,0.9100505113601685,0.06686331316039915,99.99083333333333,0.00874007373474969,0.10023415395536665,0.0022548086368037396,0.9999126637554585,0.0002761814550365403,0.18219692576477342,0.0037336319325530203,0.7,0.48304589153964794,9.262321216615578e-05,0.000102333679592536,0.00018521042524780956,0.00020460625769513278
large_log,LOF,L3_Global,delta_z_micro,1.5500270271086478,0.2140621429631558,0.23041666666666666,0.10581200572503839,0.11101783705916142,0.06762198173097848,0.0022580608110111954,0.0009830865706581858,0.004410377595065848,0.0019154232997658646,0.8997600795190663,0.0023305862181830523,0.9976883873164398,0.0011547562440869462,0.9461959015874488,0.0015465418585219684
large_log,LOF,L3_Global,omni_fusion_cyclical,9482.807845638536,67.25143908687254,0.5045833333333334,0.3534085022243303,0.09636221470538364,0.06977329486872753,0.006888021502298616,0.0049830215906519456,0.012846307511226566,0.009281087527563795,0.8999501830215137,0.0023567138071982326,0.9951563868896643,0.0034047692768697777,0.9451575772576899,0.0019307794661693198
large_log,LOF,L3_Global,pure_cyclical,2.29718274363765,0.5945420234520256,1.1175000000000002,0.15121422135745285,0.9654515635034999,0.041782884425077445,0.1073001623797536,0.012103653287498352,0.19283059721901205,0.019116141492601116,0.9095071407050584,0.002493059230076537,0.9995280807177542,0.0005835667554412641,0.9523931184600348,0.001257102284543428
small_log,DBSCAN,L2_Activity,cum_z_cum_t,,0.0,2.2,0.18687063686046274,0.9992537313432835,0.002359908701618193,0.21750336021128605,0.01667645999959895,0.35695973784328017,0.02290986080224621,0.9191499618880525,0.0031859374945273195,0.9999800598205384,6.305638405122915e-05,0.957860242099515,0.0017344006268045868
small_log,DBSCAN,L2_Activity,delta_cyclical,,0.0,2.5982142857142856,0.2514484682783862,0.6952261305347701,0.03782675176331522,0.17839027144204206,0.014554586194574127,0.28372693578549846,0.02033508838780907,0.9147819838905319,0.0025617759820327052,0.9911771412903528,0.00145542740845292,0.9514476211055263,0.0019181683256544878
small_log,DBSCAN,L2_Activity,delta_t,,0.0,0.8160714285714287,0.12795542467182805,0.22563764735134556,0.03243571933417598,0.018211752469381847,0.003742774205095151,0.033655905796969254,0.006647954064603008,0.8999685355059549,0.0035560689158313035,0.9929667046345452,0.001148383828457102,0.9441801210893424,0.0021623017066304583
small_log,DBSCAN,L2_Activity,delta_z_micro,,0.0,0.8160714285714287,0.12795542467182805,0.22563764735134556,0.03243571933417598,0.018211752469381847,0.003742774205095151,0.033655905796969254,0.006647954064603008,0.8999685355059549,0.0035560689158313035,0.9929667046345452,0.001148383828457102,0.9441801210893424,0.0021623017066304583
small_log,DBSCAN,L2_Activity,omni_fusion_cyclical,,0.0,4.135714285714286,0.41017044739762426,0.6264506673812178,0.04203748037710828,0.25624949676035025,0.028115281819338235,0.3633011683712354,0.0337074211850538,0.9216150672830361,0.003668562994782527,0.9828116336126632,0.002621930083190842,0.9512277870488651,0.002841182645905337
small_log,DBSCAN,L2_Activity,pure_cyclical,,0.0,0.8303571428571429,0.11364216126212369,0.998076923076923,0.006081303192631514,0.08183871701186768,0.009359796125526225,0.15114581592135243,0.01598676928495932,0.9064538596600169,0.0029177711336808637,0.9999800598205384,6.305638405122915e-05,0.9509206634463307,0.0016143453429992155
small_log,DBSCAN,L3_Global,cum_z_cum_t,,0.0,0.9107142857142856,0.14010240828499781,1.0,0.0,0.09017083846952217,0.013679175042101309,0.16516714482693146,0.022848193932786982,0.9072096082335672,0.003623155754257541,1.0,0.0,0.9513441598976637,0.0019915049673090565
small_log,DBSCAN,L3_Global,delta_cyclical,,0.0,0.8803571428571428,0.12767822455275338,1.0,0.0,0.08695856090027981,0.010834912829903322,0.15983935531082125,0.01829239452486311,0.9069294042178899,0.0029402530893055914,1.0,0.0,0.9511912314548313,0.0016174511629256537
small_log,DBSCAN,L3_Global,delta_t,,0.0,0.0,0.0,0.0,0.0,0.0,0.0,0.0,0.0,0.8989464285714286,0.003510845280057045,1.0,0.0,0.9467811624204551,0.0019463908903399817
small_log,DBSCAN,L3_Global,delta_z_micro,,0.0,0.0,0.0,0.0,0.0,0.0,0.0,0.0,0.0,0.8989464285714286,0.003510845280057045,1.0,0.0,0.9467811624204551,0.0019463908903399817
small_log,DBSCAN,L3_Global,omni_fusion_cyclical,,0.0,0.24821428571428572,0.659853042286664,0.45896358543417365,0.4054362074258395,0.0176953269177273,0.04921058980672666,0.02993138847337156,0.08125506827600118,0.9005275835533411,0.005375354109756495,0.9992447860285651,0.0017657317852312491,0.9473096461950063,0.002391456255765913
small_log,DBSCAN,L3_Global,pure_cyclical,,0.0,0.0,0.0,0.0,0.0,0.0,0.0,0.0,0.0,0.8989464285714286,0.003510845280057045,1.0,0.0,0.9467811624204551,0.0019463908903399817
small_log,IsolationForest,L2_Activity,cum_z_cum_t,0.393341860729871,4.088162636256085,19.95357142857143,0.5644539632636053,0.5065034646383345,0.01312501091145742,1.0,0.0,0.6723317514986309,0.011582559151919363,1.0,0.0,0.8904444538717928,0.0046847339832109675,0.9420418800520526,0.002623250144444671
small_log,IsolationForest,L2_Activity,delta_cyclical,0.40012821219332506,1.3819511812830598,35.22857142857143,1.1077763164768144,0.28038129278625157,0.009697899883507851,0.9770292727039172,0.006534934089416335,0.4356351017840491,0.011717488324245871,0.996418284707539,0.0010084172796898082,0.7179352289139185,0.01126715635192085,0.8345120397682406,0.007572087074915891
small_log,IsolationForest,L2_Activity,delta_t,0.4090738579993852,3.477324470104937,23.228571428571428,0.6463638922303279,0.4331319963307597,0.017755043088827128,0.9950544699682082,0.0020107572873689643,0.6033511760344109,0.01722902699842843,0.9993492311131759,0.00026247429356947885,0.8534677831997419,0.007452068959154099,0.9206495392734579,0.004311175912316892
small_log,IsolationForest,L2_Activity,delta_z_micro,0.41726288908864007,1.3690511969150543,37.825,1.4850158614787725,0.2591823322155159,0.015338397142915145,0.9684734286010613,0.007231801395450384,0.40868321370433147,0.01881869563763215,0.9948710913204094,0.0012097045544876312,0.6881211153562813,0.017384770443935604,0.8134231713921916,0.01193037554457784
small_log,IsolationForest,L2_Activity,omni_fusion_cyclical,0.4174739108703087,1.8361884823364583,26.66428571428571,0.8938010883230824,0.3694068498410626,0.010417869391238337,0.9744472484289972,0.006917216317764208,0.5356265162483407,0.010491309064184823,0.9964703143883502,0.0009916847092565,0.8129058173654512,0.008314763945465027,0.8953547211779196,0.004987101410047083
small_log,IsolationForest,L2_Activity,pure_cyclical,0.4029425547222263,1.3022180360065478,33.22857142857143,1.1828266137460473,0.2954199472057839,0.011809128236831131,0.9707195205093022,0.008441728169699347,0.45284152683151435,0.01358028143430147,0.9955685065691575,0.001275883124501344,0.739476407258098,0.012407268640152997,0.8485664159818864,0.008028183215639067
small_log,IsolationForest,L3_Global,cum_z_cum_t,0.5382748523904299,1.6806448574562385,13.571428571428573,1.953106717601508,0.739148947412146,0.08547676221642175,0.9782482346703525,0.007846370623328349,0.8390823874232234,0.06155543470997434,0.997467899725853,0.0008662349803360268,0.9590316860627149,0.022417823906628997,0.9777443043378826,0.011795901840840204
small_log,IsolationForest,L3_Global,delta_cyclical,0.46637210067904833,1.077437272419314,40.519642857142856,3.030252439474105,0.21991071703583298,0.012574542490897029,0.8794419462586512,0.035536879227365085,0.3515195803478856,0.01570617748724001,0.9796108346687223,0.005650228853309582,0.6480861748385324,0.031156151474806045,0.7796370571863507,0.02217557955310041
small_log,IsolationForest,L3_Global,delta_t,0.39718328239861184,2.5205124895614213,20.176785714285714,0.8903715401964716,0.49779307417170127,0.013076600890570817,0.9932924019303657,0.004938562530238191,0.663110055684258,0.011296143128770485,0.9991509131192743,0.0006062372767256706,0.8871941195933534,0.007394597628264886,0.939834990372135,0.0041034602975997415
small_log,IsolationForest,L3_Global,delta_z_micro,0.4259973411152787,1.2168998100158346,37.482142857142854,1.822420364897891,0.25815414765879235,0.015063113068744081,0.9555784580349806,0.01157331994234882,0.4062268330451313,0.01838770317661894,0.9928317741657187,0.0018197210792415654,0.6904794425346796,0.020223749262899698,0.8143365161215698,0.013785615840913975
small_log,IsolationForest,L3_Global,omni_fusion_cyclical,0.47147579314147825,1.01430737973629,27.8,1.6939058100803706,0.33969454401732957,0.017809550566586587,0.932439141951608,0.016334936361707058,0.4976721137938,0.018576458405321426,0.9905699316355101,0.0021279681008861944,0.7955601542631398,0.017066661758937618,0.8823221021240257,0.010212179673433516
small_log,IsolationForest,L3_Global,pure_cyclical,0.4284715223505612,1.4491112117488811,70.56428571428572,6.673387343730001,0.13853235574323697,0.010113052050554808,0.9621554059794702,0.04580593230726696,0.24184883193577442,0.013518341142367775,0.9887498311870557,0.009153156612680624,0.32319622880109317,0.06920163573856719,0.4835228819822876,0.06794329542579189
small_log,LOF,L2_Activity,cum_z_cum_t,16647.518149225074,269.85188848710897,2.2839285714285715,0.633163802050273,0.25052648574833547,0.06154022631725423,0.05407715068689929,0.01088350431938205,0.08788447802759011,0.015288107601809795,0.9021754382552436,0.0035713555689719555,0.980670327908097,0.006327636263122823,0.9397754433738379,0.003611546466747053
small_log,LOF,L2_Activity,delta_cyclical,23550.347283305124,2968.0575487231717,2.523214285714286,0.550783429871774,0.2650692195419001,0.04636428534584927,0.06607012874810239,0.016618189202973154,0.104946342311293,0.023831859076164853,0.9031803299233147,0.0037457934495696205,0.9793550394851005,0.0049135630938905136,0.939709851687043,0.0010869196418994865
small_log,LOF,L2_Activity,delta_t,66666.83251952435,168.35793103669624,2.9232142857142858,0.9004459244239998,0.32347685347579064,0.048401770486520335,0.0909867976080416,0.019456659955996564,0.14046186451338194,0.023030948251041787,0.9053972198716176,0.003069768603011863,0.9777273340051732,0.008014665458637146,0.9401647962420376,0.005020193167088522
small_log,LOF,L2_Activity,delta_z_micro,33400.6045056923,6336.134109414014,2.2535714285714286,0.4310280123058017,0.4055005099189254,0.030775309785756225,0.09013806434294883,0.017306059701334555,0.1468920863827127,0.02458765765913822,0.9059651469467289,0.002724539111901743,0.9850940610500183,0.0029088664550065775,0.9438723155697268,0.0024610629302498216
small_log,LOF,L2_Activity,omni_fusion_cyclical,42363125.20842879,790749.2186174027,2.5928571428571425,0.8436353012658669,0.13914819082607696,0.044281903097463396,0.03337622849891714,0.008983830478666441,0.05316068437682773,0.014326962659445951,0.8997175743500959,0.0035396375592149504,0.9749137957807126,0.009274510892188751,0.9357875608398096,0.004945719754949643
small_log,LOF,L2_Activity,pure_cyclical,18910.16062752227,1027.9750177279702,1.5660714285714286,0.30677003027336774,0.6188655447292406,0.08025344630788998,0.09637216801012655,0.023892892732874975,0.16609946085546162,0.03808975236192646,0.9072304029318309,0.004081862768771882,0.9934048829385658,0.001679941359382026,0.9483590266967911,0.002328183496279506
small_log,LOF,L3_Global,cum_z_cum_t,36.17429989757719,0.4120855497473787,0.5392857142857143,0.07932538689979848,1.0,0.0,0.053416891851267176,0.008052825477483677,0.10131608373742837,0.014586185775780908,0.9038210108971481,0.003572704472043153,1.0,0.0,0.9494777489113619,0.0019698870454117213
small_log,LOF,L3_Global,delta_cyclical,1378.99501253456,4.5376515260016275,1.1267857142857143,0.4274497557032799,0.611642411418185,0.14098368044618134,0.06339172144228536,0.023386031816108824,0.11276521182501117,0.040343434257751415,0.9042987495545967,0.0033074994248382637,0.9946137490212014,0.0021974383884028788,0.9473041484351782,0.0019426853459358947
small_log,LOF,L3_Global,delta_t,0.9046375453472137,0.18465311647780436,99.97321428571429,0.015175653314255983,0.10106276128451222,0.003506282102813124,0.9998248686514886,0.0005538139509926919,0.18355353160258064,0.005787797492756683,0.8,0.4216370213557839,0.0002780536215155078,0.00019216452333411748,0.0005558862437942548,0.00038412139756858874
small_log,LOF,L3_Global,delta_z_micro,2.9061434092225733,0.30602622655430994,0.32142857142857145,0.08117965295824912,0.2844593994934285,0.09752865304915657,0.008965149480268225,0.0035446830307548772,0.017353476308504118,0.006778503030391023,0.8995337897559089,0.0033713930773507975,0.9974374888975449,0.0007364691643654978,0.9459561084577202,0.0018919513585879395
small_log,LOF,L3_Global,omni_fusion_cyclical,750077605.203426,1506136.7956729627,0.4196428571428572,0.8219136766332185,0.3124551971326165,0.38040517373539556,0.0056623585140414615,0.00830367975553187,0.009937918361205639,0.013703988502487148,0.8990974970138854,0.003436244921839008,0.9959713244447441,0.008236449482516972,0.9450389232995814,0.003964317078367978
small_log,LOF,L3_Global,pure_cyclical,5.93016128001867,0.84780410898442,0.8732142857142857,0.11947838730922679,1.0,0.0,0.08654304297132956,0.012540507328376823,0.15908029593681305,0.021132684777960407,0.9068668038151962,0.0037926087533437323,1.0,0.0,0.9511553151004224,0.0020835847576378243
